,AC,label-val,cluster,max_ident_other,closest_other
0,P15693,1,0,0.265,P29523
1,P83558,0,0,0.314,B3FIV1
2,D4ASH1,0,0,0.22699999999999998,A2QBQ3
3,Q6B4T5,0,0,0.248,P81792
4,P81790,0,0,0.24600000000000002,P81792
5,Q9P8W0,0,0,0.23399999999999999,Q75N90
6,P0DL36,0,0,0.255,I6RU32
7,Q4QRF7,0,0,0.25,Q2L4Q9
8,P82953,0,0,0.252,Q5ACN3
9,P48538,0,0,0.287,O00182
10,Q9UBR5,0,0,0.221,Q96PL1
11,P34884,0,0,0.222,Q5A0X8
12,C0K3N1,0,0,0.242,O65351
13,H2A0L1,0,0,0.23,Q9C7N5
14,E9Q7T7,0,0,0.261,A0A088MIT0
15,Q9XZ63,0,0,0.222,D3Z752
16,P06857,0,0,0.254,Q9D7S0
17,Q8IN43,0,0,0.235,H2A0L4
18,O75888,0,0,0.28300000000000003,Q92838
19,P49061,0,0,0.23600000000000002,Q7Z3S9
20,O74716,0,0,0.23399999999999999,Q42589
21,Q6PRW6,0,0,0.265,Q3L245
22,B7SIW1,0,0,0.4,E7EF85
23,A2QTU5,0,0,0.231,P53872
24,A1XIH3,0,0,0.24100000000000002,Q8J0P4
25,Q59NP5,0,0,0.282,Q59XA7
26,P27731,0,0,0.252,P19999
27,Q59KZ1,0,0,0.213,Q12718
28,P02655,0,0,0.256,P13432
29,Q09328,0,0,0.223,Q8CFZ4
30,O08692,0,0,0.25,Q86BF9
31,P11672,0,0,0.233,G0Y276
32,Q9UUZ3,0,0,0.23399999999999999,P40953
33,Q9NL38,0,0,0.278,Q84UV8
34,P39061,0,0,0.24600000000000002,Q9Y7Y7
35,Q9BWP8,0,0,0.278,P19999
36,P61769,0,0,0.24600000000000002,P79953
37,C0HJV8,0,0,0.316,Q1ELU3
38,P01193,0,0,0.245,Q5Y4U6
39,O35789,0,0,0.212,A8CL69
40,Q8LG89,0,0,0.22399999999999998,Q59DY6
41,Q2VG86,0,0,0.327,Q9NZP8
42,Q06890,0,0,0.248,Q8WXW3
43,P05059,0,0,0.254,O15240
44,Q9QZR9,0,0,0.225,Q9UEF7
45,Q9TUQ3,0,0,0.25,Q16553
46,P98136,0,0,0.244,P12843
47,P25428,0,0,0.228,Q5A029
48,Q99036,0,0,0.316,E7EF85
49,O95841,0,0,0.222,P12799
50,P79019,0,0,0.254,Q9NPA2
51,P02649,0,0,0.21899999999999997,Q9NPG4
52,P04114,0,0,0.23,Q8N4T0
53,Q9Z1P8,0,0,0.226,D4AXL1
54,P10152,0,0,0.268,Q9H1E1
55,O35298,0,0,0.23800000000000002,Q8MJF1
56,P80703,0,0,0.228,Q5AF41
57,P86967,0,0,0.19699999999999998,P07492
58,P83636,0,0,0.24100000000000002,Q01301
59,P83084,0,0,0.248,Q1ELV0
60,P21844,0,0,0.257,Q9GQV7
61,A6H584,0,0,0.252,P07480
62,P02748,0,0,0.225,P81791
63,Q9UNA0,0,0,0.23600000000000002,A2QUQ2
64,Q76LX8,0,0,0.231,Q8WRC7
65,Q8NJP6,0,0,0.419,E7EF85
66,O59893,0,0,0.256,Q8R0A6
67,Q9HEZ1,0,0,0.254,Q5A343
68,O00744,0,0,0.23399999999999999,Q8MVA6
69,Q3UTY6,0,0,0.244,Q9D7Q1
70,Q14508,0,0,0.302,P97430
71,P41047,0,0,0.257,P29965
72,Q8BZH1,0,0,0.23800000000000002,P00488
73,P13726,0,0,0.24,O94772
74,Q7YRQ8,0,0,0.289,H2A0M2
75,Q8GTB6,0,0,0.237,Q9LJX8
76,Q7TQN3,0,0,0.235,Q6R556
77,Q9VH14,0,0,0.239,C6JUP3
78,Q9GZM7,0,0,0.214,Q9C7F7
79,O57382,0,0,0.214,O08602
80,Q9UPZ6,0,0,0.23399999999999999,P18828
81,Q9H1J5,0,0,0.228,Q9W3W5
82,D4AUF1,0,0,0.263,Q95218
83,Q5S248,0,0,0.321,Q9VWU1
84,Q9U7D3,0,0,0.21600000000000003,D4B093
85,W3VKA4,0,0,0.23399999999999999,Q9JLI3
86,F4K5W8,0,0,0.218,Q9JHI0
87,P37840,0,0,0.242,P47867
88,D4B1N9,0,0,0.231,P38616
89,Q08380,0,0,0.226,P0DN86
90,O15393,0,0,0.267,Q9NZP8
91,P0C7W2,0,0,0.22,Q966V2
92,Q27084,0,0,0.23399999999999999,Q28680
93,Q22328,0,0,0.23,D4B3C8
94,A1EC31,0,0,0.225,A1C7B5
95,Q27394,0,0,0.22699999999999998,Q9MAP7
96,P18424,0,0,0.248,Q8R066
97,Q02763,0,0,0.233,P11997
98,Q9VBV3,0,0,0.243,P85259
99,Q9Y4K0,0,0,0.24600000000000002,Q9Y0X6
100,P04916,0,0,0.23199999999999998,Q8S3U9
101,Q9VV36,0,0,0.245,P13284
102,P42854,0,0,0.29,Q09GJ8
103,Q8R2Z5,0,0,0.25,Q8BWU1
104,B1A4F7,0,0,0.21600000000000003,S5ZJC7
105,Q8VHI5,0,0,0.221,Q9LNF2
106,P02774,0,0,0.228,Q9NP95
107,B6EY09,0,0,0.23,Q9R1J8
108,P93349,0,0,0.207,Q5Y808
109,Q6UX27,0,0,0.22399999999999998,O14558
110,A8TGA1,0,0,0.337,E7EF85
111,Q9XSC9,0,0,0.231,Q90WZ1
112,Q8SPJ0,0,0,0.218,Q9BEE3
113,Q2ULM2,0,0,0.22699999999999998,Q9NDE7
114,Q6T6C1,0,0,0.254,Q9NP95
115,D4B528,0,0,0.243,Q8MTX2
116,Q28388,0,0,0.221,D4ANW6
117,G5EGH7,0,0,0.21600000000000003,P16444
118,Q6XZB0,0,0,0.22699999999999998,P07743
119,Q8NHL6,0,0,0.252,Q5AF41
120,P06858,0,0,0.21100000000000002,Q9STY5
121,O95970,0,0,0.22399999999999998,H2A0L3
122,Q03626,0,0,0.21899999999999997,Q9SJ81
123,A2AJB7,0,0,0.258,O60462
124,Q3YBN2,0,0,0.225,B6KJ32
125,P80607,0,0,0.254,P10252
126,Q9FUJ3,0,0,0.21899999999999997,D4B3C8
127,P19438,0,0,0.235,S5ZJC7
128,P06744,0,0,0.23399999999999999,Q5A8I6
129,Q8T115,0,0,0.242,P11997
130,D4ATA2,0,0,0.214,Q9GNQ1
131,Q5A7R7,0,0,0.301,Q5AF39
132,Q7Z1K3,0,0,0.27,Q9T039
133,Q01117,0,0,0.261,O13692
134,Q8NK92,0,0,0.25,Q9UW98
135,P07355,0,0,0.22399999999999998,O64411
136,Q6Q788,0,0,0.273,Q8BJ66
137,Q06601,0,0,0.31,Q95JC9
138,B1P0S1,0,0,0.408,P09031
139,P02652,0,0,0.237,C6JUP1
140,P31696,0,0,0.235,O00182
141,H2A0M3,0,0,0.218,Q8K4I4
142,P0DN29,0,0,0.24600000000000002,P35763
143,Q9P8P3,0,0,0.336,E7EF85
144,P07987,0,0,0.254,B0XVI5
145,Q09101,0,0,0.223,Q9WU78
146,D4ATS1,0,0,0.272,Q5ATP7
147,Q06ZW0,0,0,0.25,P0DP57
148,D4AV98,0,0,0.231,P57016
149,G4MMH2,0,0,0.33,Q5A6M0
150,F8J2D7,0,0,0.307,C6JUP3
151,Q9C9H5,0,0,0.225,Q9GQV7
152,B3A0Q2,0,0,0.3,Q93V72
153,P31398,0,0,0.254,Q59SG9
154,Q75VN4,0,0,0.225,O43157
155,D4B0N9,0,0,0.242,P10960
156,D4AWM9,0,0,0.25,D4B2Q8
157,P28240,0,0,0.22699999999999998,Q86VB7
158,Q7SDR1,0,0,0.272,Q66NB7
159,Q8VIM0,0,0,0.237,Q9H3R2
160,D4AK18,0,0,0.228,P0CY27
161,D4B0M5,0,0,0.23199999999999998,Q14512
162,O60218,0,0,0.215,Q6WRU0
163,P09230,0,0,0.248,B8N7S7
164,P55869,0,0,0.23600000000000002,F4JHH5
165,Q8RX86,0,0,0.218,Q9VER6
166,Q9FZA2,0,0,0.242,O76840
167,Q12904,0,0,0.24100000000000002,Q8TAT2
168,D4ALV6,0,0,0.226,Q66NB7
169,B6KAM0,0,0,0.22,Q28193
170,Q9Y653,0,0,0.23600000000000002,Q28193
171,Q9D3J8,0,0,0.243,P07457
172,Q6UXH0,0,0,0.243,Q14393
173,Q15848,0,0,0.272,P60827
174,Q3T478,0,0,0.223,P98088
175,A1IKL2,0,0,0.23,Q8WT59
176,D4ARV2,0,0,0.244,D4AUH6
177,Q90WJ8,0,0,0.29100000000000004,P05140
178,P84715,0,0,0.306,Q2PE51
179,O74288,0,0,0.217,Q5AP52
180,Q8N302,0,0,0.22899999999999998,Q9GNQ1
181,Q13790,0,0,0.24100000000000002,A2BDG0
182,P79085,0,0,0.255,G0Y276
183,A1YV58,0,0,0.21899999999999997,Q99P87
184,Q5T601,0,0,0.212,P29459
185,Q9I925,0,0,0.22399999999999998,Q9VPQ2
186,Q8I948,0,0,0.491,P13645
187,O04496,0,0,0.27899999999999997,Q9LEW3
188,D4B0X3,0,0,0.233,P38616
189,Q9STX1,0,0,0.225,Q5ACZ2
190,Q9NZK5,0,0,0.217,Q3V2T4
191,Q9VLJ6,0,0,0.22,Q5FW85
192,Q640N1,0,0,0.24100000000000002,Q7Z4R8
193,Q8NK90,0,0,0.271,Q4X084
194,U6A629,0,0,0.243,Q5AA09
195,Q13443,0,0,0.23,Q90WZ1
196,O13716,0,0,0.248,Q5BAP5
197,D4AS41,0,0,0.21600000000000003,A0A0G3F8Z3
198,D4AK94,0,0,0.257,P25380
199,D4AMT2,0,0,0.223,P86984
200,H2A0M0,0,0,0.223,Q9LEW3
201,Q07092,0,0,0.267,P10165
202,Q96P44,0,0,0.325,P04280
203,P46379,0,0,0.23399999999999999,Q5A8I6
204,Q0H293,0,0,0.239,Q86LE4
205,P80957,0,0,0.24600000000000002,D2Y2C8
206,Q5QNQ9,0,0,0.215,Q8K561
207,Q63083,0,0,0.222,Q6ZMJ4
208,P0CT92,0,0,0.22399999999999998,A2AJ76
209,Q9H8L6,0,0,0.235,Q5BAP5
210,Q9NDE8,0,0,0.22,Q9NIP6
211,Q9VCR3,0,0,0.24600000000000002,P12843
212,Q5AAU5,0,0,0.242,X5JA13
213,P07231,0,0,0.237,Q91VU0
214,Q8N6G6,0,0,0.23,P13284
215,Q9BN21,0,0,0.248,Q9XF04
216,P81117,0,0,0.21100000000000002,Q59UP6
217,Q9JLD2,0,0,0.264,Q9VFC2
218,Q8VE43,0,0,0.226,A0A0A0VBX4
219,P12110,0,0,0.231,P57016
220,Q8C6K9,0,0,0.235,B3H7A9
221,O75882,0,0,0.243,Q96QR1
222,Q9H1Z8,0,0,0.228,P18169
223,Q68SA9,0,0,0.248,P90884
224,Q9P2N4,0,0,0.23800000000000002,O75015
225,Q8WTD3,0,0,0.23800000000000002,P19136
226,P0CB20,0,0,0.223,O94813
227,Q9NJ98,0,0,0.243,Q8NCW5
228,O11780,0,0,0.259,P52802
229,Q9BT67,0,0,0.22699999999999998,Q9BUR5
230,Q9GLE3,0,0,0.235,O19116
231,D4AR77,0,0,0.254,O62589
232,O45348,0,0,0.23399999999999999,P97430
233,Q20930,0,0,0.237,Q75R32
234,P01165,0,0,0.235,Q9VG55
235,P0CE80,0,0,0.225,D4ANV2
236,D4AQ27,0,0,0.254,Q5BD29
237,Q4WZB4,0,0,0.254,B3A0Q4
238,P0CU79,0,0,0.24100000000000002,Q9XW71
239,P98159,0,0,0.22399999999999998,Q14512
240,Q08431,0,0,0.254,P45452
241,D4B1Z7,0,0,0.233,G1UB63
242,O74411,0,0,0.282,Q5AGC4
243,A2QEQ6,0,0,0.27,Q5BAP5
244,Q7Z9M7,0,0,0.24600000000000002,O00560
245,Q8J0I9,0,0,0.25,B0BK71
246,Q9GK37,0,0,0.298,Q7TMF5
247,Q5AVR1,0,0,0.254,G1UBC2
248,Q6ZMM2,0,0,0.22399999999999998,Q8BM15
249,Q5SSH8,0,0,0.244,P86726
250,Q86X52,0,0,0.23399999999999999,D4AUH1
251,Q10916,0,0,0.264,P70158
252,Q9VPF0,0,0,0.22699999999999998,P16444
253,Q9HB63,0,0,0.243,Q9VUX3
254,Q9R1A3,0,0,0.231,Q9NQ79
255,O09118,0,0,0.237,P48827
256,A7XQ02,0,0,0.262,P29022
257,Q7TMA5,0,0,0.23399999999999999,P07743
258,P07306,0,0,0.24600000000000002,P19999
259,D4B5H9,0,0,0.239,A8W7I5
260,Q941C5,0,0,0.27,O13692
261,Q9FZE4,0,0,0.24600000000000002,Q2VF17
262,D4B0F8,0,0,0.244,P35053
263,Q924B5,1,0,0.28300000000000003,Q8N6Q3
264,Q8VXX5,1,0,0.23399999999999999,P18764
265,Q9LIB6,1,0,0.292,Q93ZH0
266,Q94KT8,1,0,0.267,O48915
267,Q01819,1,0,0.25,Q39131
268,Q8AXZ4,1,0,0.24600000000000002,P54826
269,P26992,1,0,0.27899999999999997,Q54LM2
270,Q9S9K4,1,0,0.231,Q8CFZ4
271,Q9ZUJ5,1,0,0.243,O02350
272,Q5B8T6,1,0,0.255,Q80WD1
273,O42918,1,0,0.252,Q9SJ81
274,O74922,1,0,0.423,P32623
275,O74660,1,0,0.369,Q5A8T4
276,Q9Y7S9,1,0,0.28300000000000003,Q2UUZ1
277,Q5A312,1,0,0.261,Q5A8T4
278,Q61330,1,0,0.24100000000000002,P0CU33
279,Q62682,1,0,0.252,Q5UJG7
280,Q09840,1,0,0.272,A1C7B5
281,P07140,1,0,0.254,P22303-2
282,Q9FPR2,1,0,0.319,Q9ZQ23
283,D4B3I5,1,0,0.37,P27654
284,Q94F57,1,0,0.307,A2QBQ3
285,Q6Z232,1,0,0.371,O42721
286,Q9SQT9,1,0,0.29100000000000004,Q5A8I6
287,Q05927,1,0,0.233,P34115
288,Q4U9M9,1,0,0.239,B9EKR1
289,D4AQH0,1,0,0.355,Q03674
290,Q8LG54,1,0,0.369,O42721
291,Q8VYV9,1,0,0.248,P22146
292,Q9LX20,1,0,0.268,Q96GW7-2
293,Q7TQ32,1,0,0.252,P14207
294,Q5A5U4,1,0,0.292,Q59UT4
295,Q9ULZ9,1,0,0.287,A1C7B5
296,Q8LCN5,1,0,0.34,Q5AG46
297,Q9LY91,1,0,0.35,Q9ZQ23
298,P07692,1,0,0.292,P22303-2
299,Q11000,1,0,0.294,Q4WNE1
300,Q27677,1,0,0.28600000000000003,P22303-2
301,P56161,1,0,0.22899999999999998,Q9D7Z6
302,Q59L12,1,0,0.419,Q5A8T4
303,Q9ZT17,1,0,0.342,Q9M0S4
304,Q94BT2,1,0,0.28600000000000003,Q67UE8
305,D4B1B1,1,0,0.327,Q8J0P4
306,Q6NN00,1,0,0.306,Q93ZH0
307,Q5A8T7,1,0,0.28600000000000003,Q5AFA2
308,A0A1D8PQ86,1,0,0.4,Q5A8T4
309,Q9C5S0,1,0,0.35200000000000004,Q9M0S4
310,Q9SJY7,1,0,0.384,O42721
311,Q8LCE4,1,0,0.414,Q9M0S4
312,Q9S740,1,0,0.3,Q5AG46
313,P35456,1,0,0.273,P0DPQ9
314,Q5R5C1,1,0,0.243,Q59SU1
315,O94549,1,0,0.37799999999999995,P32623
316,Q8GUL8,1,0,0.256,Q9M069
317,Q4WCX9,1,0,0.34600000000000003,Q5A6M0
318,Q5AJC0,1,0,0.29100000000000004,Q9FNQ2
319,Q4WFV6,1,0,0.408,Q8TG42
320,A7TLD4,1,0,0.358,Q6BIS8
321,C8ZGM3,1,0,0.419,Q6BIS8
322,Q92340,1,0,0.262,Q8TFG9
323,C0P381,1,0,0.22699999999999998,P33432
324,P02897,1,0,0.268,Q968Z6
325,P46992,1,0,0.309,Q59L72
326,C6Y4B5,1,0,0.22899999999999998,Q96LB9
327,Q07988,1,0,0.342,Q5A5K7
328,Q96WV6,1,0,0.28600000000000003,O13960
329,Q07990,1,0,0.324,Q4WMA6
330,P26332,1,0,0.248,P86855
331,O43895,1,0,0.25,Q80WD0
332,Q9P7J9,1,0,0.28300000000000003,Q59V01
333,P26327,1,0,0.254,Q52085
334,P20949,1,0,0.239,C5FW30
335,P26328,1,0,0.245,P08174
336,Q9ZVC7,1,0,0.273,Q6ASY2
337,Q93XX5,1,0,0.262,P31358
338,P20947,1,0,0.262,Q59MD0
339,P20948,1,0,0.243,Q9C7F7
340,P29533-2,1,0,0.244,P23505
341,Q9BDJ5,1,0,0.24600000000000002,Q9T076
342,O75443,1,0,0.23800000000000002,O75326
343,P54097,1,0,0.25,Q9D7F2
344,Q07212,1,0,0.231,Q12303
345,P10863,1,0,0.51,P28319
346,O82081,1,0,0.319,Q9M0S4
347,Q12218,1,0,0.41200000000000003,P43497
348,Q6PCX7,1,0,0.24600000000000002,Q8LW54
349,Q8J1Y4,1,0,0.271,Q54LM2
350,P38832,1,0,0.271,P43497
351,P40552,1,0,0.467,P27654
352,P20950,1,0,0.25,Q7K5M0
353,P26331,1,0,0.27399999999999997,Q6WRU0
354,P26333,1,0,0.248,P53872
355,Q501W4,1,0,0.254,P06731
356,P21840,1,0,0.255,O35136-2
357,P06015,1,0,0.302,Q5AMJ5
358,Q9BZM4,1,0,0.24600000000000002,B1B213
359,Q6CXL4,1,0,0.308,Q08907
360,Q8GUI4,1,0,0.263,O70169
361,Q7TN16,0,1,0.237,Q8R4F1
362,P0CY27,0,1,0.23800000000000002,Q9N9H4
363,C0IW58,0,1,0.228,Q8GW72
364,D4AV38,0,1,0.20600000000000002,B6EY09
365,D4AZ78,0,1,0.23399999999999999,Q8LW54
366,Q9LJR2,0,1,0.218,D4B5H9
367,Q02936,0,1,0.242,G5EC21
368,Q90WZ1,0,1,0.297,P04280
369,Q8N4T0,0,1,0.23399999999999999,D4B1B1
370,D4AYT4,0,1,0.31,D4AUH6
371,P60827,0,1,0.272,Q15848
372,Q23997,0,1,0.24,O18641
373,Q8R066,0,1,0.248,P18424
374,A2AJ76,0,1,0.24600000000000002,P02778
375,B3A0P2,0,1,0.237,D4ANW6
376,P13747,0,1,0.287,P86957
377,D4ATH2,0,1,0.22699999999999998,P05059
378,Q9FJZ3,0,1,0.222,Q9UHL4
379,P90884,0,1,0.248,Q68SA9
380,Q86VB7,0,1,0.239,Q9XW71
381,Q9NZP8,0,1,0.327,Q2VG86
382,Q2R222,0,1,0.24100000000000002,P86969
383,Q9TW98,0,1,0.215,P86960
384,Q2PE51,0,1,0.306,P84715
385,B6D434,0,1,0.223,P86037
386,Q9C168,0,1,0.233,Q7TQN3
387,Q9VYB0,0,1,0.24600000000000002,P02897
388,H2A0L6,0,1,0.278,Q9WU78
389,O45599,0,1,0.237,Q24025
390,P15087,0,1,0.242,J3S6Y1
391,Q6P1S2,0,1,0.27,P20607
392,Q8R2G6,0,1,0.218,Q00870
393,Q9XFX3,0,1,0.301,P83495
394,Q8WRC7,0,1,0.228,Q8CID3
395,A0A0K2S4Q6,0,1,0.242,Q5A343
396,Q9QZQ5,0,1,0.261,Q6T6T2
397,P40240,0,1,0.243,Q5A1A9
398,Q6XBF8,0,1,0.312,Q9LEW3
399,O02350,0,1,0.243,Q9ZUJ5
400,O43866,0,1,0.22,P21750
401,O55233,0,1,0.25,Q16553
402,Q06100,0,1,0.239,A1C7B5
403,D4ANB6,0,1,0.252,Q59UT4
404,Q66K79,0,1,0.225,Q8LC95
405,B3A0Q7,0,1,0.217,D4AQH0
406,B3A0Q3,0,1,0.244,A2VD23
407,Q2WEN9,0,1,0.233,O75882
408,Q8BGU2,0,1,0.268,Q15848
409,P32478,0,1,0.26899999999999996,D4AQ52
410,Q9GQV7,0,1,0.28600000000000003,P91889
411,Q6YGZ1,0,1,0.254,P36222
412,D4AL26,0,1,0.248,D4B4P1
413,P17454,0,1,0.205,Q59Y11
414,Q9GKK3,0,1,0.235,D4AUF1
415,Q1ELU4,0,1,0.257,C0HJV8
416,Q9JJN5,0,1,0.23600000000000002,O80460
417,Q9H6E4,0,1,0.233,O70169
418,P49662,0,1,0.218,Q9UJJ9
419,Q7T2X7,0,1,0.262,Q99988
420,P01034,0,1,0.22,D4AXK7
421,H2A0L4,0,1,0.235,Q8IN43
422,D4B4X4,0,1,0.235,P29060
423,Q4U4T0,0,1,0.306,Q8NJP6
424,P48827,0,1,0.248,P09230
425,P29022,0,1,0.262,A7XQ02
426,Q9D7Q1,0,1,0.244,Q3UTY6
427,P86955,0,1,0.221,Q9D6Y1
428,P09464,0,1,0.264,P31151
429,Q8K4I4,0,1,0.25,Q4WEP7
430,D4AXL1,0,1,0.226,Q9Z1P8
431,B3A0N5,0,1,0.264,E0D877
432,D4B2W4,0,1,0.237,P33157
433,A0A088MIT0,0,1,0.261,E9Q7T7
434,Q9GSA4,0,1,0.235,Q9NL38
435,Q2UY11,0,1,0.24100000000000002,Q9EQ21
436,Q61114,0,1,0.22699999999999998,Q86BF9
437,Q8LFX7,0,1,0.24100000000000002,Q9VV36
438,I2C092,0,1,0.21899999999999997,Q00805
439,P81182,0,1,0.228,Q5XM24
440,Q8N8U9,0,1,0.27899999999999997,P84805
441,B5LUQ9,0,1,0.248,P91889
442,Q8TAT2,0,1,0.258,Q96P44
443,O42807,0,1,0.248,Q5AA33
444,P63076,0,1,0.239,Q76CE8
445,Q75N90,0,1,0.237,Q8AXZ4
446,O77469,0,1,0.23199999999999998,Q680I5
447,Q9H9S5,0,1,0.22399999999999998,Q8VE43
448,G5EEC2,0,1,0.231,Q8IN41
449,Q6RKD8,0,1,0.235,P10152
450,Q99MG7,0,1,0.24600000000000002,R4J7Z9
451,Q4WLW6,0,1,0.22,Q8GTB6
452,Q9NP95,0,1,0.254,Q6T6C1
453,Q91VU0,0,1,0.243,P83561
454,P12799,0,1,0.222,O95841
455,P84213,0,1,0.24600000000000002,A2AAJ9
456,Q9VD83,0,1,0.22,Q54SJ8
457,D4AN50,0,1,0.226,P10591
458,A6NI73,0,1,0.25,Q4WEP7
459,P07743,0,1,0.267,Q28680
460,Q5BD29,0,1,0.254,D4AQ27
461,Q9GZV9,0,1,0.23199999999999998,Q9ZQ23
462,Q9BYJ0,0,1,0.245,Q9FZD0
463,H2A0L7,0,1,0.231,Q8R2Z5
464,Q9GNQ1,0,1,0.22899999999999998,Q8N302
465,Q8BQB4,0,1,0.231,P05161
466,Q8WT59,0,1,0.235,P18169
467,P05486,0,1,0.242,Q6EEH1
468,Q80XI7,0,1,0.252,P06857
469,Q90282,0,1,0.23,P84685
470,Q7L8A9,0,1,0.23,P13688
471,Q6EMK4,0,1,0.261,P15502
472,P83234,0,1,0.275,Q96NY8
473,O73682,0,1,0.239,P60272
474,Q9LJX8,0,1,0.237,Q8GTB6
475,P01732,0,1,0.23399999999999999,Q8IZI9
476,P86947,0,1,0.258,H2A0K7
477,Q9UUZ2,0,1,0.233,Q5A5U4
478,Q072L5,0,1,0.252,E9Q7T7
479,Q8R0A6,0,1,0.261,Q5JNJ5
480,P83228,0,1,0.252,P0DM18
481,K0P7H2,0,1,0.24600000000000002,Q7Z3S9
482,B3A0Q4,0,1,0.254,Q4WZB4
483,P86870,0,1,0.301,P36110
484,Q6H3X3,0,1,0.237,Q2L4Q9
485,P86726,0,1,0.25,Q5SSH8
486,H2A0P1,0,1,0.271,P86951
487,H2A0P2,0,1,0.23600000000000002,D0EXD3
488,P86725,0,1,0.248,Q9WU67
489,B3A0Q0,0,1,0.212,Q6PXP0
490,Q14BU0,0,1,0.22899999999999998,Q810U4
491,P86731,0,1,0.226,P35459
492,P86728,0,1,0.223,O18423
493,B3A0R3,0,1,0.252,B3A0Q2
494,B3A0R5,0,1,0.207,Q8N5I4
495,H2A0M8,0,1,0.23600000000000002,O61705
496,P17948,0,1,0.231,Q5A312
497,Q99ML8,0,1,0.22699999999999998,Q9NPF7
498,Q9W3W5,0,1,0.258,W5U5X5
499,Q94637,0,1,0.25,H2A0L2
500,P10599,0,1,0.228,O00560
501,D4AUF4,0,1,0.244,Q9ZVC7
502,O35188,0,1,0.22699999999999998,D4ANW6
503,Q9UVI4,0,1,0.242,P22626
504,Q9C7S6,0,1,0.24600000000000002,Q680I5
505,P02786,0,1,0.23199999999999998,D4B1R0
506,T1NXB5,0,1,0.24600000000000002,Q2VF17
507,P04275,0,1,0.276,O55225
508,Q06561,0,1,0.235,H2A0K9
509,C6EVG7,0,1,0.26899999999999996,P84715
510,Q9VKI3,0,1,0.25,P18170
511,Q86Y38,0,1,0.25,C0HL38
512,O15240,0,1,0.254,P05059
513,Q7Z1M0,0,1,0.256,P80109
514,H2A0N3,0,1,0.223,Q12718
515,O62589,0,1,0.254,D4AR77
516,Q3TAS6,0,1,0.228,B3A0R1
517,Q6B9Z0,0,1,0.218,Q6UW32
518,P10749,0,1,0.21899999999999997,Q08380
519,Q9ES17,0,1,0.217,Q10589
520,O95760,0,1,0.21899999999999997,Q9SUC9
521,Q9NZH8,0,1,0.242,A0A0F7YYV0
522,Q6UX52,0,1,0.21600000000000003,D4AK18
523,P40189,0,1,0.23199999999999998,Q6FT26
524,Q40161,0,1,0.248,P21745
525,Q9VG09,0,1,0.237,O00560
526,P38616,0,1,0.266,O74922
527,B3A0P5,0,1,0.228,P83495
528,P39905,0,1,0.25,Q99988
529,Q9C7N5,0,1,0.26,Q54SJ8
530,Q9Z1X0,0,1,0.248,P13284
531,P08962,0,1,0.225,Q12904
532,D4AY02,0,1,0.218,P37840
533,Q9BEE3,0,1,0.25,Q8BVC1
534,P18171,0,1,0.225,D4AYQ6
535,Q8MVB6,0,1,0.228,O13547
536,Q9NRR1,0,1,0.237,Q8GTB6
537,P86899,0,1,0.222,O35701
538,Q59X49,0,1,0.27399999999999997,Q4WI46
539,B3A0R9,0,1,0.22,Q6R556
540,B3A0P9,0,1,0.239,H2A0L2
541,Q00193,0,1,0.258,D4AYG1
542,I6M4H4,0,1,0.261,Q9VUX3
543,O60844,0,1,0.239,P82953
544,O77726,0,1,0.259,Q4WMA6
545,P79762,0,1,0.225,P41797
546,H2A0N6,0,1,0.254,H2A0N7
547,P42660,0,1,0.257,Q5W727
548,P86738,0,1,0.23800000000000002,A2QUQ2
549,Q16820,0,1,0.239,O14944
550,Q8CG85,0,1,0.22899999999999998,Q8NJP6
551,P86958,0,1,0.231,D4APE0
552,P86962,0,1,0.23600000000000002,Q5A1B3
553,Q59KI0,0,1,0.243,Q01117
554,H2A0M5,0,1,0.235,P33157
555,Q9Y0X6,0,1,0.265,D4APE0
556,P10761,0,1,0.225,O60667
557,E7EF85,0,1,0.419,Q8NJP6
558,O00182,0,1,0.287,P48538
559,A0A1P8AWH8,0,1,0.24,Q875I9
560,Q5T7M4,0,1,0.233,D4AK94
561,O14514,0,1,0.262,Q8R2G4
562,Q5ATP7,0,1,0.272,D4ATS1
563,Q8J0D6,0,1,0.223,D4ALG0
564,Q9H3R2,0,1,0.242,Q9MAP7
565,Q99102,0,1,0.20800000000000002,O95971
566,Q9H9K5,0,1,0.20199999999999999,Q9Y653
567,Q8K4L6,0,1,0.24100000000000002,Q9NZH7
568,Q92344,0,1,0.235,Q8BM15
569,Q96LB9,0,1,0.22899999999999998,C6Y4B5
570,C5P3X6,0,1,0.24,A2QUQ2
571,P86854,0,1,0.265,Q90WJ8
572,D4AK17,0,1,0.22699999999999998,P29523
573,O49006,0,1,0.27399999999999997,D8VPP5
574,Q9STY5,0,1,0.22,Q5ACN3
575,O14960,0,1,0.244,Q3HS83
576,Q99972,0,1,0.29,Q9NRN5
577,P86858,0,1,0.22899999999999998,P46686
578,Q9D8I1,0,1,0.21600000000000003,A2QTU5
579,O02372,0,1,0.25,O60667
580,Q5WRU0,0,1,0.23800000000000002,Q9V3J3
581,Q84UV8,0,1,0.278,Q9NL38
582,O97763,0,1,0.218,B0FHH8
583,Q93243,0,1,0.233,Q4QXT8
584,Q66S17,0,1,0.252,P47178
585,Q61477,0,1,0.233,Q94BT2
586,Q55P57,0,1,0.222,G5EC21
587,H2A0M6,0,1,0.285,P86960
588,Q62918,0,1,0.215,G5EGH7
589,Q94EG3,0,1,0.226,D4AMW3
590,P98088,0,1,0.24,P35456
591,Q8TAX7,0,1,0.298,Q8VEN2
592,Q9NR99,0,1,0.226,P84715
593,Q969H8,0,1,0.22399999999999998,Q76CE8
594,Q9NPG4,0,1,0.23800000000000002,O13547
595,Q54HY0,0,1,0.22,A5D8T8
596,Q9LXB8,0,1,0.3,Q95JC9
597,H2A0N1,0,1,0.244,P00992
598,Q504Y2,0,1,0.237,S5ZJC7
599,O43157,0,1,0.226,D4APQ6
600,O43692,0,1,0.293,Q9DAG6
601,Q9ET66,0,1,0.282,Q4WEP7
602,P43490,0,1,0.228,O08841
603,Q8C119,0,1,0.222,Q8IX30
604,O02036,0,1,0.217,P00992
605,Q00604,0,1,0.239,Q99988
606,D4APX3,0,1,0.263,Q12718
607,Q9VA70,0,1,0.319,Q91XT9
608,Q3V2T4,0,1,0.222,F8J2D7
609,H2A0N4,0,1,0.248,D4APE0
610,Q9NRA1,0,1,0.23,Q9BEH3
611,Q3L245,0,1,0.265,Q6PRW6
612,D4N4Z9,0,1,0.203,O94220
613,Q9FF55,0,1,0.239,Q9R1J8
614,Q9U6L5,0,1,0.289,P86950
615,P0CU33,0,1,0.324,Q9N9H4
616,P84516,0,1,0.23600000000000002,B6HY15
617,P57016,0,1,0.252,D4B3I5
618,Q9VTH0,0,1,0.252,Q4Z4D2
619,P02776,0,1,0.282,P02778
620,D4ANV2,0,1,0.292,A2VE33
621,Q6ETW4,0,1,0.276,Q10T67
622,Q7TQ62,0,1,0.239,P60484
623,P19598,1,1,0.24,P58754
624,Q9FHX5,1,1,0.29100000000000004,Q8J0P4
625,Q5ABW2,1,1,0.275,Q59L86
626,Q8VYE5,1,1,0.237,Q54LM2
627,Q5UJG7,1,1,0.252,Q62682
628,P47033,1,1,0.345,Q8J0P4
629,P12729,1,1,0.39299999999999996,Q54LM2
630,Q9GK16,1,1,0.225,P86855
631,Q9W6V2,1,1,0.348,Q90773
632,Q9ZQI8,1,1,0.287,Q9SNC3
633,D4AIS3,1,1,0.284,O42721
634,P13401,1,1,0.23,Q54IM7
635,Q8VYI9,1,1,0.27399999999999997,Q4WFV6
636,Q8X176,1,1,0.336,Q4WFV6
637,P50497,1,1,0.252,O13318
638,P50593,1,1,0.23399999999999999,P32768
639,Q5RE54,1,1,0.248,Q24114
640,P35053,1,1,0.254,Q9FJR5
641,Q5A029,1,1,0.41700000000000004,Q5A1E0
642,P21978,1,1,0.25,Q39176
643,Q03877,1,1,0.266,P22303-2
644,Q06031,1,1,0.297,D4AXU8
645,Q00689,1,1,0.243,Q54LH6
646,Q8N158,1,1,0.311,P54826
647,P34115,1,1,0.266,Q54LM2
648,Q5A8I8,1,1,0.425,D4AZC5
649,Q8IV16,1,1,0.272,D4AXU8
650,Q9NPA2,1,1,0.254,P79019
651,Q01416,1,1,0.263,Q5AF39
652,Q90ZM9,1,1,0.264,O97490
653,Q8K561,1,1,0.259,Q4WFV6
654,Q08108,1,1,0.28800000000000003,P22146
655,Q05439,1,1,0.244,D4B3R7
656,P13591-4,1,1,0.256,O35136-2
657,Q03674,1,1,0.355,D4AQH0
658,P17981,1,1,0.268,C5FW30
659,Q5AEG7,1,1,0.34299999999999997,Q01589
660,Q59UP6,1,1,0.574,Q59UT4
661,Q59QA5,1,1,0.239,Q12303
662,P27177,1,1,0.244,Q1RMQ4
663,Q8CFZ4,1,1,0.242,Q54T57
664,Q94CD8,1,1,0.267,Q9M2K6
665,Q9GZZ7,1,1,0.273,P16444
666,Q4WNS8,1,1,0.292,Q5AGC4
667,O13960,1,1,0.365,O74922
668,C7GQJ1,1,1,0.369,P22146
669,Q8L868,1,1,0.295,Q8LC95
670,Q9ZQG9,1,1,0.24100000000000002,P83495
671,Q9M088,1,1,0.24600000000000002,Q54T57
672,B0BND0,1,1,0.23,Q8C255
673,Q13421,1,1,0.265,Q96QR1
674,O93512,1,1,0.268,D4AQH0
675,A6ZY20,1,1,0.33299999999999996,O74922
676,P52802,1,1,0.263,Q9N0E3
677,Q9C7U5,1,1,0.289,Q9M2K6
678,D4AZK9,1,1,0.26,Q12127
679,Q3ZC64,1,1,0.228,Q08271
680,P52797,1,1,0.245,Q9LX20
681,Q5RAD6,1,1,0.27,P42835
682,P52804,1,1,0.25,P25380
683,O13156,1,1,0.252,Q27677
684,O13157,1,1,0.23399999999999999,P25063
685,P23515,1,1,0.284,Q4X084
686,Q59XB0,1,1,0.33,A2QH21
687,Q01889,1,1,0.23399999999999999,P43497
688,P57096,1,1,0.33299999999999996,Q16553
689,Q8I6T1,1,1,0.26899999999999996,Q8IDN0
690,P39105,1,1,0.321,P22146
691,Q6ASY2,1,1,0.336,Q9LY91
692,P0CX19,1,1,0.278,P43076
693,Q12282,1,1,0.267,P46591
694,P40583,1,1,0.301,Q5A5K7
695,O13692,1,1,0.402,O74922
696,Q08193,1,1,0.34299999999999997,Q4WMA6
697,B3GS44,1,1,0.273,P06015
698,Q12891,1,1,0.254,A1C7B5
699,Q9D1N2,1,1,0.265,Q4WEP7
700,B1B213,1,1,0.24600000000000002,Q9BZM4
701,Q9VV72,1,1,0.226,Q5SSH8
702,Q24372,1,1,0.27399999999999997,Q90773
703,Q8BWU1,1,1,0.33,A2BDG5
704,P19813,1,1,0.257,Q6PRW6
705,P46593,1,1,0.38799999999999996,Q59PF9
706,P14207,1,1,0.252,Q7TQ32
707,P22748,1,1,0.24100000000000002,Q7TQ32
708,P13987,1,1,0.25,Q8TDM5
709,P08174,1,1,0.369,Q61475
710,Q59Y31,1,1,0.309,B1P0S1
711,Q9Y7Y7,1,1,0.266,Q59MD0
712,Q9P378,1,1,0.402,O13318
713,Q09553,1,1,0.257,Q07488
714,O95867,1,1,0.259,A2VE33
715,Q5AMJ5,1,1,0.34299999999999997,Q59MD0
716,Q5A5U6,1,1,0.341,Q5AA09
717,Q8NFP4,1,1,0.218,Q5AG46
718,P06731,1,1,0.289,Q14002
719,Q6YHK3,1,1,0.248,Q9Y6C2
720,Q5AUT0,1,1,0.431,A2QH21
721,Q9LZH5,1,1,0.278,Q4WLB9
722,P80109,0,2,0.259,P40583
723,P54191,0,2,0.228,Q59KI0
724,Q7Z3S9,0,2,0.24600000000000002,K0P7H2
725,Q93796,0,2,0.22699999999999998,Q86VB7
726,P86871,0,2,0.21,P80957
727,P85259,0,2,0.27,C0HJV8
728,Q27289,0,2,0.298,Q5S248
729,P15502,0,2,0.298,P86950
730,Q6UX73,0,2,0.242,A0A088MIT0
731,Q59DY5,0,2,0.255,Q9BWP8
732,Q86LE5,0,2,0.233,B3FIN4
733,Q12718,0,2,0.263,D4APX3
734,Q59DY6,0,2,0.23600000000000002,P84810
735,Q1ELU7,0,2,0.21100000000000002,P09466
736,Q29599,0,2,0.221,Q9NPH9
737,Q9JLI3,0,2,0.23399999999999999,W3VKA4
738,P45452,0,2,0.254,Q08431
739,H2A0K7,0,2,0.258,P86947
740,Q8TG42,0,2,0.42,D4AXU8
741,Q9CQ45,0,2,0.21600000000000003,Q8MMH4
742,D4AV26,0,2,0.23,Q5A1B2
743,P29459,0,2,0.25,Q9D6Y1
744,Q14116,0,2,0.235,Q9NZH8
745,Q8BMF8,0,2,0.264,Q9NRN5
746,Q6UW32,0,2,0.23,Q6H3X3
747,Q8TC92,0,2,0.23,Q6IWZ0
748,D4AUH6,0,2,0.31,D4AYT4
749,C0HJV6,0,2,0.248,C0HJV8
750,O60462,0,2,0.258,A2AJB7
751,Q9BUR5,0,2,0.22899999999999998,P0C8S5
752,B0FHH8,0,2,0.225,P13284
753,Q9HFP8,0,2,0.348,D4AZC5
754,Q8MJF1,0,2,0.23800000000000002,O35298
755,B3A0R7,0,2,0.225,Q30HU9
756,Q9VUX3,0,2,0.261,I6M4H4
757,Q3HS83,0,2,0.256,Q8R2G4
758,Q42589,0,2,0.23399999999999999,O74716
759,Q4QXT8,0,2,0.233,Q93243
760,Q8NCW5,0,2,0.243,Q9NJ98
761,P61366,0,2,0.22699999999999998,Q92954
762,Q9VWU1,0,2,0.321,Q5S248
763,Q968Z6,0,2,0.268,P02897
764,D4AKL6,0,2,0.217,Q8LG89
765,X2JCV5,0,2,0.22899999999999998,P0CU33
766,Q96NY8,0,2,0.275,P83234
767,P16519,0,2,0.212,C0HJV8
768,Q99935,0,2,0.272,Q5APJ9
769,P36110,0,2,0.301,P86870
770,Q96P20,0,2,0.212,Q8VEB4
771,Q6PQK2,0,2,0.24100000000000002,Q9VBV3
772,D4AYQ6,0,2,0.254,Q05816
773,Q91V88,0,2,0.254,Q3UY90
774,Q9CQ76,0,2,0.244,Q22687
775,D4B4V1,0,2,0.258,Q5ACP5
776,Q2VF17,0,2,0.24600000000000002,T1NXB5
777,Q28019,0,2,0.235,Q868Z9
778,P08238,0,2,0.23800000000000002,G9M8X1
779,Q12794,0,2,0.23,P01404
780,P13688,0,2,0.235,Q8NK90
781,Q8N5I4,0,2,0.22,Q9HB63
782,P11597,0,2,0.29,Q59MD0
783,P86859,0,2,0.28,Q9LY09
784,Q9NIP6,0,2,0.254,Q9D8T2
785,P11997,0,2,0.242,Q8T115
786,Q5EF78,0,2,0.233,Q5AEG7
787,Q9Y6C2,0,2,0.261,Q13421
788,H2A0P0,0,2,0.285,Q7YRQ8
789,A8QZJ5,0,2,0.225,Q92344
790,O76357,0,2,0.252,Q9LNN7
791,P19999,0,2,0.278,Q9BWP8
792,Q9UEF7,0,2,0.225,Q9QZR9
793,P04824,0,2,0.256,Q4WNS8
794,B3EWF6,0,2,0.231,P81790
795,Q00870,0,2,0.222,Q8NK90
796,H2A0M2,0,2,0.289,Q7YRQ8
797,P86963,0,2,0.24100000000000002,Q96P44
798,Q90WV8,0,2,0.217,O43692
799,Q13740,0,2,0.26899999999999996,P22977
800,Q8BM15,0,2,0.252,H2A0L6
801,Q86IV5,0,2,0.267,A0A1D8PQ86
802,Q9WVL7,0,2,0.237,Q8K4L6
803,Q6UXB2,0,2,0.218,P57016
804,Q7Z4R8,0,2,0.245,Q7TQ32
805,Q8T0W2,0,2,0.25,P02897
806,P84805,0,2,0.27899999999999997,Q8N8U9
807,Q5A0X8,0,2,0.222,P34884
808,Q875I9,0,2,0.24,Q8S8N6
809,Q9C9Z9,0,2,0.252,O13692
810,H2A0L3,0,2,0.257,H2A0L2
811,A0A0F7Z3J2,0,2,0.235,Q9BEH3
812,F7C0L1,0,2,0.263,B3A0P8
813,Q8MMH0,0,2,0.256,P0DMB5
814,Q8T0W1,0,2,0.22,A1EC31
815,Q8WSR7,0,2,0.268,A2QH21
816,O97939,0,2,0.23600000000000002,Q8K561
817,Q9D7Z6,0,2,0.257,Q5A1E0
818,Q54PR9,0,2,0.223,P19235
819,Q8CG08,0,2,0.22,D4AL26
820,P13635,0,2,0.213,Q86X52
821,P36222,0,2,0.254,Q6YGZ1
822,Q9VPQ2,0,2,0.22399999999999998,Q9I925
823,P78310,0,2,0.239,Q01117
824,P0DKQ7,0,2,0.22699999999999998,P86983
825,Q93V74,0,2,0.22,Q94EG3
826,Q2VPA4,0,2,0.239,A1C7B5
827,Q9UHF1,0,2,0.248,P24001
828,Q76CE8,0,2,0.252,Q59V01
829,Q14406,0,2,0.21600000000000003,P83558
830,Q75R32,0,2,0.262,Q6EEH1
831,Q5W186,0,2,0.22,Q9NZP8
832,R4J7Z9,0,2,0.24600000000000002,Q99MG7
833,Q5F378,0,2,0.23600000000000002,Q9TUI9
834,A0A0F7YYX3,0,2,0.231,C0HJV8
835,P58754,0,2,0.244,O75015
836,P80025,0,2,0.22399999999999998,P80703
837,O64411,0,2,0.225,D0EXD3
838,D4AYG1,0,2,0.258,Q00193
839,B3H5A9,0,2,0.27,O80460
840,O18641,0,2,0.243,H2A0M7
841,D4B5F9,0,2,0.258,O76840
842,Q8BR86,0,2,0.25,Q0C7P6
843,Q08470,0,2,0.262,Q5AFC2
844,P35763,0,2,0.24600000000000002,P0DN29
845,Q9DD06,0,2,0.226,Q9WU67
846,Q9QXV0,0,2,0.25,Q39176
847,Q9WU78,0,2,0.32799999999999996,P10165
848,Q13219,0,2,0.233,O14960
849,A8CL69,0,2,0.22399999999999998,Q9UJJ9
850,G0Y276,0,2,0.255,P79085
851,Q9PTT2,0,2,0.22899999999999998,Q8NK90
852,O94220,0,2,0.252,Q59V01
853,A6XHF7,0,2,0.248,Q93XX5
854,P13645,0,2,0.491,Q8I948
855,Q9NDE7,0,2,0.235,P48538
856,Q13261,0,2,0.23399999999999999,Q13790
857,Q3T052,0,2,0.23600000000000002,Q8BJ66
858,A0A0F7YYV0,0,2,0.242,Q9NZH8
859,Q5PPM0,0,2,0.25,P25380
860,A8W7I5,0,2,0.239,D4B5H9
861,P23352,0,2,0.23399999999999999,Q61330
862,A4QUT2,0,2,0.233,Q3UY90
863,P19136,0,2,0.248,Q4X084
864,Q9BZM1,0,2,0.22899999999999998,Q86VB7
865,D4AQA7,0,2,0.231,P54826
866,Q56S59,0,2,0.252,Q01117
867,Q8WXW3,0,2,0.248,Q06890
868,P05117,0,2,0.22399999999999998,Q27677
869,D4ANW6,0,2,0.243,Q9VMM6
870,Q9FYE1,0,2,0.23800000000000002,Q7YSJ4
871,Q9Y287,0,2,0.233,Q9P2K2
872,Q9BX67,0,2,0.215,O74716
873,Q3HRQ2,0,2,0.225,P35456
874,Q01772,0,2,0.239,Q0C7P6
875,Q1L6U9,0,2,0.22,P0DN86
876,Q6UWY2,0,2,0.278,Q2L4Q9
877,Q99P87,0,2,0.248,P0DM18
878,B3H7A9,0,2,0.235,Q8C6K9
879,Q9CYH2,0,2,0.231,P05059
880,O65375,0,2,0.38299999999999995,Q9FS16
881,O42721,0,2,0.384,Q9SJY7
882,O77061,0,2,0.213,H2A0P1
883,P01592,0,2,0.248,P86987
884,P10591,0,2,0.23399999999999999,Q90ZM9
885,O14558,0,2,0.231,Q8NHL6
886,Q5AFI4,0,2,0.212,Q95209
887,Q8BVC1,0,2,0.3,Q5A6M0
888,Q92626,0,2,0.24,Q8N8U9
889,P80022,0,2,0.231,Q9FJR5
890,Q9BXN1,0,2,0.248,Q9D0T7
891,P17405,0,2,0.23199999999999998,O15240
892,Q09788,0,2,0.25,P07743
893,P70158,0,2,0.264,Q10916
894,D4AVJ0,0,2,0.24100000000000002,D4AMB9
895,Q8NJQ5,0,2,0.25,P29060
896,P40954,0,2,0.281,P12729
897,P29029,0,2,0.233,O13692
898,P06276,0,2,0.24600000000000002,P07692
899,Q13510,0,2,0.21100000000000002,P07743
900,Q91XT9,0,2,0.319,Q9VA70
901,Q96LT7,0,2,0.225,Q9D6Y1
902,E0D877,0,2,0.264,B3A0N5
903,Q9N9H4,0,2,0.324,P0CU33
904,Q5FYB1,0,2,0.273,Q1ELT9
905,Q6T6T2,0,2,0.261,Q9QZQ5
906,P24014,0,2,0.27399999999999997,O94813
907,D4B4P1,0,2,0.248,D4AL26
908,P86732,0,2,0.491,Q8I948
909,D4AZ24,0,2,0.221,Q99ML8
910,Q9EQX0,0,2,0.226,P19235
911,Q680I5,0,2,0.24600000000000002,Q9C7S6
912,Q09165,0,2,0.245,A2QBQ3
913,Q55GS3,0,2,0.215,C0K3N1
914,P19427,0,2,0.239,O14944
915,Q13609,0,2,0.223,Q9JJN5
916,Q9FNR3,0,2,0.244,Q94AI6
917,Q9T039,0,2,0.27,Q7Z1K3
918,P0CT88,0,2,0.254,Q5AD23
919,Q5FW85,0,2,0.22699999999999998,D4AK94
920,Q92838,0,2,0.28300000000000003,O75888
921,Q9CYH5,0,2,0.233,Q8BV57
922,B6ZI38,0,2,0.24600000000000002,Q072L5
923,P86957,0,2,0.287,P13747
924,D4APE2,0,2,0.22,P0CY27
925,Q09276,0,2,0.225,O35188
926,P33157,0,2,0.237,D4B2W4
927,P07480,0,2,0.252,A6H584
928,P09172,0,2,0.239,Q9H4F8
929,P21745,0,2,0.248,Q40161
930,D4AUH1,0,2,0.252,Q9ET66
931,Q9SRD8,0,2,0.23,Q8VYI9
932,Q07730,0,2,0.22899999999999998,Q01819
933,Q9UHL4,0,2,0.239,Q9VV36
934,Q5AAH2,0,2,0.248,Q1EAR5
935,O75951,0,2,0.25,Q5A849
936,D4B093,0,2,0.233,Q54EQ7
937,D4B3C8,0,2,0.23,Q22328
938,D4ANU4,0,2,0.22699999999999998,Q9D7Q1
939,P05067,0,2,0.214,Q7YSJ4
940,D4ALG0,0,2,0.28800000000000003,Q5AA33
941,D4B5D3,0,2,0.235,P02776
942,Q9DBD0,0,2,0.282,Q9IBF7
943,Q9ERM2,0,2,0.243,D4B5D4
944,Q8WX77,0,2,0.28600000000000003,Q8BJ66
945,P12843,0,2,0.24600000000000002,Q9VCR3
946,D4B1P2,0,2,0.231,Q0WUV7
947,D4AXK7,0,2,0.24600000000000002,P07743
948,Q9LEW3,0,2,0.312,Q6XBF8
949,P91863,0,2,0.23600000000000002,O35136-2
950,Q9URZ0,0,2,0.235,Q8MMH4
951,O00253,0,2,0.252,P60272
952,Q8VHN7,0,2,0.248,A2VD23
953,D8VPP5,0,2,0.261,O49006
954,P18153,0,2,0.217,P04114
955,Q801X7,0,2,0.259,P48538
956,Q80XF5,0,2,0.24100000000000002,Q9GZZ7
957,Q96F46,0,2,0.24100000000000002,Q68SA9
958,Q99PS8,0,2,0.235,Q06601
959,Q86LR2,0,2,0.22399999999999998,P80607
960,D4AUX6,0,2,0.27399999999999997,Q59XA7
961,P00739,0,2,0.27899999999999997,Q5S248
962,Q8IUL8,0,2,0.228,Q54T57
963,D4AMW3,0,2,0.226,Q94EG3
964,D4ATR3,0,2,0.243,Q92340
965,C0HKM3,0,2,0.235,P0C607
966,D4ARW0,0,2,0.23199999999999998,Q40161
967,D4ALI1,0,2,0.35,D4B2Q8
968,D4AZY1,0,2,0.218,O77469
969,P41797,0,2,0.242,Q5A6M0
970,D4APE0,0,2,0.259,Q9Y0X6
971,O95445,0,2,0.23399999999999999,Q86BF9
972,Q9P403,0,2,0.239,P21844
973,D4AYS6,0,2,0.233,T1NXB5
974,P05161,0,2,0.231,Q8BQB4
975,P09429,0,2,0.213,D4AY02
976,Q9JHR7,0,2,0.235,Q9ULZ9
977,D4B3R7,0,2,0.272,Q9P6S0
978,Q812F3,0,2,0.25,Q54LM2
979,Q9CXD9,0,2,0.22,P86822
980,D4AQ52,0,2,0.26899999999999996,P32478
981,D4AIS9,0,2,0.23199999999999998,O74199
982,O35701,0,2,0.226,Q09553
983,P05140,0,2,0.29100000000000004,Q90WJ8
984,Q8BT20,0,2,0.276,P09036
985,O95868,1,2,0.252,P35456
986,P38844,1,2,0.505,Q6FT26
987,Q9D7S0,1,2,0.265,Q59V02
988,Q5ACZ2,1,2,0.24600000000000002,Q59UT5
989,Q8C255,1,2,0.239,P20948
990,P22146,1,2,0.419,P43076
991,Q03655,1,2,0.37,O13692
992,P27654,1,2,0.467,P40552
993,O13318,1,2,0.402,Q9P378
994,Q80WD1,1,2,0.287,Q96GW7-2
995,Q80WD0,1,2,0.254,P54826
996,Q9N0E3,1,2,0.287,Q96GW7-2
997,Q01589,1,2,0.34299999999999997,P53301
998,Q54LC2,1,2,0.272,P46591
999,Q1ZXQ9,1,2,0.33899999999999997,Q54GU3
1000,Q54SJ8,1,2,0.264,Q59Y31
1001,P14043,1,2,0.564,P18764
1002,Q07929,1,2,0.237,Q94KT8
1003,C5FW30,1,2,0.268,P17981
1004,Q8SWI4,1,2,0.327,C7GQJ1
1005,P22303-2,1,2,0.292,P07692
1006,Q9M0S4,1,2,0.414,Q8LCE4
1007,Q9GP84,1,2,0.262,Q0C7P6
1008,P53872,1,2,0.377,Q5A4X8
1009,P16444,1,2,0.273,Q9GZZ7
1010,H2KZ60,1,2,0.24,Q59SU1
1011,Q5AD07,1,2,0.318,Q4WCX9
1012,P54660,1,2,0.27899999999999997,Q07990
1013,Q59L72,1,2,0.324,P46992
1014,Q8I423,1,2,0.256,Q5RAD6
1015,Q9M2K6,1,2,0.289,Q9C7U5
1016,Q18806,1,2,0.221,A0A060XQP6
1017,Q8TDM5,1,2,0.28300000000000003,P35459
1018,O08602,1,2,0.24600000000000002,Q62682
1019,Q4WLB9,1,2,0.35200000000000004,D4AQH0
1020,Q59PF9,1,2,0.38799999999999996,P46593
1021,Q08906,1,2,0.36200000000000004,O13960
1022,Q28680,1,2,0.267,P07743
1023,P10252,1,2,0.254,P80607
1024,P47178,1,2,0.33299999999999996,Q5APJ9
1025,P36091,1,2,0.252,Q06031
1026,P32329,1,2,0.28300000000000003,Q59L12
1027,Q12303,1,2,0.3,P40092
1028,Q05777,1,2,0.363,Q12218
1029,O75326,1,2,0.244,Q8AXZ4
1030,O95980,1,2,0.237,Q5R5C1
1031,P0CG37,1,2,0.233,Q9IBF7
1032,Q8N6Q3,1,2,0.28300000000000003,Q924B5
1033,Q9SNC3,1,2,0.287,Q9ZQI8
1034,Q6WRU0,1,2,0.27399999999999997,P26331
1035,Q10589,1,2,0.252,P21840
1036,O95971,1,2,0.239,P35459
1037,P14384,1,2,0.235,Q9GK37
1038,Q93V72,1,2,0.35,Q8J0P4
1039,Q52085,1,2,0.259,Q5AF41
1040,G5EB30,1,2,0.34600000000000003,Q5AUT0
1041,Q5AGC4,1,2,0.304,C7GQJ1
1042,Q8R4F1,1,2,0.25,F8J2D7
1043,P53379,1,2,0.324,O13692
1044,Q5A343,1,2,0.336,Q5AF41
1045,Q8VEN2,1,2,0.5,Q5HZW7
1046,Q9FNQ2,1,2,0.313,D4AXU8
1047,Q9SD84,1,2,0.33,D4AZC5
1048,Q9FZ86,1,2,0.302,Q54LM2
1049,P32323,1,2,0.34299999999999997,O13547
1050,Q9ER63,1,2,0.24600000000000002,B3GS44
1051,P51865,1,2,0.244,P0DN86
1052,Q8TGE1,1,2,0.294,D4AXU8
1053,Q9VN14,1,2,0.23600000000000002,Q62682
1054,Q5A8T4,1,2,0.419,Q59L12
1055,Q54M25,1,2,0.262,Q8TFG9
1056,Q54BG3,1,2,0.261,Q54GU3
1057,Q54LH6,1,2,0.28600000000000003,P12729
1058,Q3B7N0,1,2,0.239,Q501W4
1059,Q9LTW9,1,2,0.262,Q6NN00
1060,P32768,1,2,0.324,Q5AUT0
1061,Q60401-3,1,2,0.342,P08174
1062,Q61475,1,2,0.369,P08174
1063,P47179,1,2,0.314,Q5AMJ5
1064,Q63072,1,2,0.23600000000000002,D4ALQ5
1065,Q811A2,1,2,0.268,P26331
1066,Q9FFH6,1,2,0.349,Q8LEJ6
1067,P08640,1,2,0.29,Q4WFV6
1068,Q9FZD0,1,2,0.33,Q4WFV6
1069,Q08907,1,2,0.35200000000000004,Q4WMA6
1070,P20736,1,2,0.26,P20947
1071,P0DPQ9,1,2,0.273,P35456
1072,Q5AJV5,1,2,0.29100000000000004,P25653
1073,Q04433,1,2,0.312,Q8J0P4
1074,Q9SJ81,1,2,0.318,Q8LEJ6
1075,O22126,1,2,0.32,Q8LCE4
1076,Q9FM65,1,2,0.297,Q9FPR2
1077,Q9SU13,1,2,0.254,Q9ZT17
1078,Q9ZQ23,1,2,0.345,Q9LY91
1079,O49586,1,2,0.304,Q9SJY7
1080,D4B388,1,2,0.345,D4AZC5
1081,Q8LEE9,1,2,0.414,Q8LEJ6
1082,A2QUQ2,1,2,0.373,Q4WEP7
1083,D4B1R0,0,3,0.23199999999999998,P02786
1084,P18169,0,3,0.235,Q8WT59
1085,Q9M069,0,3,0.256,Q8GUL8
1086,Q7YSJ4,0,3,0.23800000000000002,Q9FYE1
1087,Q8C165,0,3,0.22,Q5AD07
1088,Q8T113,0,3,0.244,Q6YGZ1
1089,A0A060XQP6,0,3,0.237,Q3L245
1090,P18998,0,3,0.205,D4B1Z7
1091,Q9BSG0,0,3,0.24,P38616
1092,P83495,0,3,0.301,Q9XFX3
1093,Q9R1J8,0,3,0.24,Q2L4Q9
1094,Q9VJS7,0,3,0.237,Q00604
1095,Q8IZI9,0,3,0.239,P23515
1096,K9M1U5,0,3,0.261,Q6ASY2
1097,Q9BEH3,0,3,0.23399999999999999,Q9DBD0
1098,D3Z9M3,0,3,0.243,P30203
1099,Q22687,0,3,0.244,Q9CQ76
1100,P27930,0,3,0.21600000000000003,P10761
1101,Q6IWZ0,0,3,0.23,Q8TC92
1102,P24001,0,3,0.248,Q9UHF1
1103,Q810U4,0,3,0.22899999999999998,Q14BU0
1104,Q4QEZ7,0,3,0.23800000000000002,H2A0L3
1105,Q86BF9,0,3,0.27399999999999997,D0EXD3
1106,P79391,0,3,0.239,P42854
1107,B9EKR1,0,3,0.254,Q5AEG7
1108,Q9NRN5,0,3,0.29,Q99972
1109,Q9XYT4,0,3,0.23600000000000002,Q6CXL4
1110,Q9IBF7,0,3,0.282,Q9DBD0
1111,P79953,0,3,0.24600000000000002,P61769
1112,P0DMB5,0,3,0.256,Q8MMH0
1113,Q14213,0,3,0.231,D4B5H9
1114,P20607,0,3,0.27,Q6P1S2
1115,P86983,0,3,0.22699999999999998,P0DKQ7
1116,P86984,0,3,0.25,Q7TQ32
1117,P86986,0,3,0.21600000000000003,A0A1P8AWH8
1118,P86987,0,3,0.248,P01592
1119,P48551,0,3,0.23600000000000002,Q9NIP6
1120,Q10471,0,3,0.248,P86037
1121,P09535,0,3,0.223,P22303-2
1122,Q9UW98,0,3,0.25,Q8NK92
1123,Q8BJ66,0,3,0.28600000000000003,Q8WX77
1124,P13284,0,3,0.248,Q9Z1X0
1125,Q00805,0,3,0.226,Q9VH14
1126,Q9CR36,0,3,0.218,Q9Y287
1127,Q9D0T7,0,3,0.248,Q9BXN1
1128,Q9NZH7,0,3,0.24100000000000002,Q8K4L6
1129,Q8K3I6,0,3,0.222,P0C7M3
1130,A4ZDL6,0,3,0.257,O13960
1131,P05017,0,3,0.221,P24014
1132,P15814,0,3,0.231,Q2WEN9
1133,P20809,0,3,0.248,Q94CD8
1134,P14778,0,3,0.225,Q8C255
1135,Q9NPF7,0,3,0.24,Q96GW7-2
1136,Q9NPH9,0,3,0.221,Q29599
1137,Q6ZMJ4,0,3,0.27399999999999997,P0DN86
1138,B3A0R1,0,3,0.228,Q3TAS6
1139,Q9UJJ9,0,3,0.25,A6H584
1140,D4B0V1,0,3,0.255,Q07990
1141,Q3LHH8,0,3,0.231,O11780
1142,A8R0V4,0,3,0.23600000000000002,P09464
1143,O24565,0,3,0.22699999999999998,A0A088MIT0
1144,Q9LNN7,0,3,0.252,O76357
1145,P28799,0,3,0.22399999999999998,P0CT92
1146,P86960,0,3,0.344,P13645
1147,Q9GL25,0,3,0.225,P83580
1148,Q8NKF9,0,3,0.228,O70169
1149,Q96LR4,0,3,0.243,P19999
1150,Q8CID3,0,3,0.23,D3Z752
1151,Q99988,0,3,0.262,Q7T2X7
1152,Q9ZVA2,0,3,0.233,Q7YRQ8
1153,Q9ER31,0,3,0.242,Q8BGU2
1154,Q39176,0,3,0.25,Q9QXV0
1155,P29320,0,3,0.23199999999999998,P38616
1156,Q9DAG6,0,3,0.293,O43692
1157,B3A0Q5,0,3,0.23399999999999999,D4AUH1
1158,G9M8X1,0,3,0.23800000000000002,P08238
1159,A1A4K5,0,3,0.23,P55869
1160,Q9SV72,0,3,0.252,Q84J95
1161,O14944,0,3,0.248,Q9QZQ5
1162,Q9LY09,0,3,0.358,P13645
1163,P07492,0,3,0.254,O11780
1164,B3A0R2,0,3,0.212,O04496
1165,P86969,0,3,0.24100000000000002,Q2R222
1166,Q9ZPE7,0,3,0.22899999999999998,A2QBQ3
1167,Q8X168,0,3,0.25,Q9LNF2
1168,O55225,0,3,0.276,P04275
1169,Q68KK0,0,3,0.233,Q12904
1170,Q6PXP0,0,3,0.225,Q9V3J3
1171,Q8VEB4,0,3,0.22699999999999998,Q9CYH5
1172,P60484,0,3,0.239,Q7TQ62
1173,Q9VET0,0,3,0.217,P81603
1174,F1NSM7,0,3,0.23600000000000002,Q86Y38
1175,Q14393,0,3,0.243,Q6UXH0
1176,P00488,0,3,0.242,Q9NL38
1177,A2AAJ9,0,3,0.24600000000000002,P84213
1178,Q9VMM6,0,3,0.243,D4ANW6
1179,Q9CZD3,0,3,0.226,O77726
1180,D4AMB9,0,3,0.24100000000000002,D4AVJ0
1181,I7GQA7,0,3,0.22899999999999998,P79019
1182,P09466,0,3,0.218,Q9HB63
1183,Q9VER6,0,3,0.23600000000000002,Q5S248
1184,B0BK71,0,3,0.25,Q8J0I9
1185,Q9BWS9,0,3,0.22,A4QUT2
1186,P29060,0,3,0.25,Q8NJQ5
1187,Q8IN42,0,3,0.21100000000000002,Q9ES17
1188,Q9VIR2,0,3,0.22,Q9GQV7
1189,P50591,0,3,0.254,P41047
1190,Q8IN41,0,3,0.231,G5EEC2
1191,P83288,0,3,0.24100000000000002,B3EWF3
1192,D4APQ6,0,3,0.226,O43157
1193,B0XT09,1,3,0.29600000000000004,P13645
1194,O44516,1,3,0.23,Q10589
1195,B0XT72,1,3,0.312,D4B388
1196,B0Y8H9,1,3,0.304,Q5A5K7
1197,P10674,1,3,0.228,P38616
1198,B0XVI5,1,3,0.303,P43076
1199,P23505,1,3,0.244,P29533-2
1200,O13547,1,3,0.41100000000000003,P27654
1201,Q59SU1,1,3,0.28300000000000003,Q5ADQ7
1202,Q12127,1,3,0.35700000000000004,P40092
1203,Q24114,1,3,0.25,Q4WLB9
1204,Q07488,1,3,0.289,P12729
1205,Q4WEP7,1,3,0.373,A2QUQ2
1206,Q54LM2,1,3,0.39299999999999996,P12729
1207,B4GAN3,1,3,0.244,B3GS44
1208,Q5A5M7,1,3,0.322,Q59V01
1209,Q59UT4,1,3,0.574,Q59UP6
1210,P20840,1,3,0.29100000000000004,O13692
1211,Q5A6M0,1,3,0.381,P40552
1212,Q5A6M2,1,3,0.35200000000000004,Q5AUT0
1213,P42835,1,3,0.292,Q5HZW7
1214,P53301,1,3,0.34299999999999997,Q01589
1215,D4B2Q8,1,3,0.35,D4ALI1
1216,Q4WMA6,1,3,0.35200000000000004,Q08907
1217,B8N7S7,1,3,0.342,A1C7B5
1218,Q54IM7,1,3,0.282,Q96WV6
1219,Q54GU3,1,3,0.33899999999999997,Q1ZXQ9
1220,P29523,1,3,0.265,P15693
1221,C5FGX1,1,3,0.262,C5FW30
1222,Q5ACV9,1,3,0.25,A0A1D8PQ86
1223,A1DJ47,1,3,0.55,A2QH21
1224,Q4X084,1,3,0.44299999999999995,A1C7B5
1225,P40953,1,3,0.27899999999999997,Q5AEG7
1226,P25653,1,3,0.29100000000000004,Q5AJV5
1227,O75015,1,3,0.244,P58754
1228,Q5AIA1,1,3,0.235,Q03029
1229,Q5AP52,1,3,0.33899999999999997,P38844
1230,D4AT07,1,3,0.292,O42721
1231,Q1EAR5,1,3,0.282,O42721
1232,O80517,1,3,0.295,D4ALQ5
1233,Q9P6S0,1,3,0.287,Q4WFV6
1234,Q5AFA2,1,3,0.321,O94549
1235,Q4WNE1,1,3,0.315,Q9HFP8
1236,Q8J0P4,1,3,0.371,Q5A8I8
1237,Q4WI46,1,3,0.35700000000000004,D4B3I5
1238,D4AZC5,1,3,0.425,Q5A8I8
1239,Q90773,1,3,0.348,Q9W6V2
1240,Q5AFN8,1,3,0.408,P27654
1241,D4AXU8,1,3,0.42,Q8TG42
1242,Q5A651,1,3,0.24600000000000002,Q5A1E1
1243,B3A0R4,0,3,0.21899999999999997,Q9GKK3
1244,Q59XL0,1,3,0.373,Q59XA7
1245,Q8LEJ6,1,3,0.414,Q8LEE9
1246,Q5AF39,1,3,0.389,P40092
1247,Q9VFC2,0,3,0.264,Q9JLD2
1248,Q5W727,0,3,0.257,P42660
1249,P0DM39,0,3,0.278,P05140
1250,P0DJI8,0,3,0.22899999999999998,D4AV26
1251,Q8BFU0,0,3,0.226,Q9VN14
1252,O65351,0,3,0.261,Q6CXL4
1253,Q9MAP7,0,3,0.242,Q9H3R2
1254,B3A0P8,0,3,0.263,F7C0L1
1255,Q8IX30,0,3,0.22699999999999998,P02652
1256,D4AQ54,0,3,0.23600000000000002,Q5A8T7
1257,H2A0K9,0,3,0.354,Q8I948
1258,P86950,0,3,0.37799999999999995,P13645
1259,Q98SV1,0,3,0.23,P35053
1260,Q9VJN9,0,3,0.218,Q6ZMM2
1261,A8PZM4,0,3,0.263,Q9XFX3
1262,Q9VMD9,0,3,0.22899999999999998,Q3HS83
1263,Q8IVN8,0,3,0.25,Q8N8U9
1264,Q8BV57,0,3,0.244,Q8NHL6
1265,P31151,0,3,0.264,P09464
1266,P86951,0,3,0.319,P13645
1267,Q07699,0,3,0.217,P14844
1268,Q96PX8,0,3,0.21600000000000003,Q9NIP6
1269,P86949,0,3,0.322,P13645
1270,P97430,0,3,0.302,Q14508
1271,P55000,0,3,0.29,P0DP57
1272,Q9H1E1,0,3,0.268,P10152
1273,Q96QR1,0,3,0.41,Q96PL1
1274,D4AVI0,0,3,0.248,E7EF85
1275,X5JA13,0,3,0.242,Q5AAU5
1276,Q8QZY4,0,3,0.22899999999999998,P29029
1277,Q9Z132,0,3,0.223,Q9TUI9
1278,Q2TJ95,0,3,0.223,Q94EG3
1279,F4JHH5,0,3,0.24,P84843
1280,Q95209,0,3,0.24600000000000002,Q8NK92
1281,A7RDN6,0,3,0.223,Q8WSR7
1282,P36378,0,3,0.217,H2A0M0
1283,P21750,0,3,0.252,B3A0Q2
1284,P47867,0,3,0.252,Q96NY8
1285,O94813,0,3,0.27399999999999997,P24014
1286,Q5Y808,0,3,0.242,Q9Y6C2
1287,Q93YU5,0,3,0.23800000000000002,Q96PL1
1288,B6KV60,0,3,0.231,Q811A2
1289,Q8S3U9,0,3,0.23199999999999998,P04916
1290,B6KJ32,0,3,0.252,Q15046
1291,P22626,0,3,0.439,Q8I948
1292,Q94AI6,0,3,0.244,Q9FNR3
1293,Q99109,0,3,0.239,Q08906
1294,Q9SX85,0,3,0.235,P04824
1295,P18828,0,3,0.24,Q7SDR1
1296,Q7K5M0,0,3,0.25,P20950
1297,S5ZJC7,0,3,0.237,Q504Y2
1298,P25236,0,3,0.207,P98088
1299,O00560,0,3,0.24600000000000002,Q7Z9M7
1300,Q6R556,0,3,0.24,A2AJB7
1301,Q8CIT9,0,3,0.248,G5EB30
1302,Q6SPF0,0,3,0.221,A6NI73
1303,J7MFT5,0,3,0.235,Q9C7S6
1304,P13432,0,3,0.256,P02655
1305,Q9H4F8,0,3,0.239,P09172
1306,Q9I8M9,0,3,0.225,Q2PAY4
1307,Q966V2,0,3,0.276,Q2VG86
1308,Q07449,0,3,0.248,P36110
1309,Q9D2S4,0,3,0.245,Q9NIP6
1310,G5ED35,0,3,0.221,P22977
1311,Q7TMF5,0,3,0.298,Q9GK37
1312,P10960,0,3,0.243,A0A0G3F8Z3
1313,Q8BMS2,0,3,0.24600000000000002,Q07654
1314,P10124,0,3,0.41100000000000003,P13609
1315,Q6EEH1,0,3,0.262,Q75R32
1316,O19116,0,3,0.235,Q9GLE3
1317,O18423,0,3,0.26,Q8BT20
1318,Q9P2K2,0,3,0.233,Q9Y287
1319,W5U5X5,0,3,0.258,Q9W3W5
1320,R4ZCU1,0,3,0.24600000000000002,Q99036
1321,Q9SYM4,0,3,0.24600000000000002,Q59XA7
1322,P83560,0,3,0.287,B3FIV1
1323,Q24025,0,3,0.237,O45599
1324,H2A0L0,0,3,0.24,Q8VYI9
1325,A0ZSK3,0,3,0.231,Q8NK90
1326,F2Z472,0,3,0.21600000000000003,H2A0L6
1327,P46686,0,3,0.245,Q39066
1328,B3FIN4,0,3,0.258,P81603
1329,Q09GJ8,0,3,0.29,P42854
1330,Q6FHJ7,0,3,0.22,Q8CG85
1331,Q10T67,0,3,0.276,Q6ETW4
1332,O76840,0,3,0.258,D4B5F9
1333,Q868Z9,0,3,0.24600000000000002,O02372
1334,H2A0M7,0,3,0.243,O18641
1335,B3A0Q9,0,3,0.24,Q640N1
1336,Q6ZRP7,0,3,0.221,Q5JNJ5
1337,Q16769,0,3,0.24,Q9GZZ7
1338,P86855,0,3,0.248,P26332
1339,P86727,0,3,0.21600000000000003,P50497
1340,B3A0R8,0,3,0.281,Q06601
1341,Q62151,0,3,0.242,P46593
1342,G5EC21,0,3,0.242,Q02936
1343,Q9CXL7,0,3,0.322,Q9SJY7
1344,Q9FJR5,0,3,0.254,P35053
1345,J3S6Y1,0,3,0.242,P15087
1346,Q969D9,0,3,0.21100000000000002,H2A0L7
1347,Q9FX32,0,3,0.21899999999999997,Q8C119
1348,P07996,0,3,0.222,D4ASH1
1349,A2VD23,0,3,0.248,Q8VHN7
1350,P40689,0,3,0.22399999999999998,O02350
1351,O49432,0,3,0.237,Q5ATP7
1352,Q8W4J3,0,3,0.22,D4AQA7
1353,Q6EV79,0,3,0.237,P90884
1354,Q3UY90,0,3,0.254,Q91V88
1355,P91889,0,3,0.28600000000000003,Q9GQV7
1356,Q8L7W8,0,3,0.248,Q5BD29
1357,Q28193,0,3,0.23600000000000002,Q9Y653
1358,C9K4X8,0,3,0.24,A0A0F7YYV0
1359,Q20223,0,3,0.23,P04824
1360,P19235,0,3,0.255,Q9Y653
1361,Q2XNF5,0,3,0.222,P35053
1362,Q3TR08,0,3,0.218,Q9SRD8
1363,Q1MX22,0,3,0.244,P0DL36
1364,Q9FXE5,0,3,0.226,P40240
1365,Q92743,0,3,0.223,Q9JLD2
1366,P86875,0,3,0.21600000000000003,Q9S9K4
1367,Q9VG55,0,3,0.23800000000000002,P86957
1368,Q9FLN0,0,3,0.252,M5A8F1
1369,Q684R7,0,3,0.256,Q99036
1370,Q9UBX5,0,3,0.23600000000000002,D4AR77
1371,A1IGX5,0,3,0.231,Q8IN43
1372,D4AS70,0,3,0.23800000000000002,Q5B8T6
1373,Q14512,0,3,0.24100000000000002,P46593
1374,P18170,0,3,0.223,Q5JNJ5
1375,Q5XM24,0,3,0.231,P09230
1376,O74199,0,3,0.23399999999999999,Q9D1N2
1377,P86734,0,3,0.262,Q9C7U5
1378,Q0WUV7,0,3,0.24,D4AVJ0
1379,O77783,0,3,0.237,D4ALG0
1380,Q9FS16,0,3,0.38299999999999995,O65375
1381,Q39688,0,3,0.225,Q8T0Y7
1382,Q9LTB0,0,3,0.244,Q812F3
1383,Q54PA4,0,3,0.262,C5FW30
1384,P05160,0,3,0.254,F8J2D7
1385,Q05816,0,3,0.254,D4AYQ6
1386,O60667,0,3,0.25,O02372
1387,Q9D8T2,0,3,0.254,Q9NIP6
1388,P04141,0,3,0.233,Q96GW7-2
1389,Q8MUJ1,0,3,0.25,Q92838
1390,Q9BQB4,0,3,0.23,Q2VF17
1391,B3A0R6,0,3,0.223,P80703
1392,H2A0L2,0,3,0.257,H2A0L3
1393,Q66NB7,0,3,0.272,Q7SDR1
1394,A0A1F4,0,3,0.23399999999999999,P87020
1395,Q90ZD5,0,3,0.21,Q6UQ28
1396,O75462,0,3,0.215,Q8BQB4
1397,G4NK46,0,3,0.252,Q8BM15
1398,A0A0F7YZQ7,0,3,0.261,Q6UWY2
1399,Q8IDN0,1,3,0.26899999999999996,Q8I6T1
1400,Q9WU67,1,3,0.252,Q52085
1401,Q16553,1,3,0.33299999999999996,P57096
1402,O94772,1,3,0.257,P0DPQ9
1403,Q93070,1,3,0.262,P52961
1404,Q17RY6,1,3,0.225,P14207
1405,H3BQJ8,1,3,0.254,Q8TDM5
1406,Q93ZH0,1,3,0.322,Q5AG46
1407,O23006,1,3,0.264,D4AQH0
1408,Q1RMQ4,1,3,0.278,P57096
1409,P35459,1,3,0.28300000000000003,Q8TDM5
1410,P08796,1,3,0.342,P12729
1411,D4AZK1,1,3,0.259,Q99935
1412,P46591,1,3,0.292,P43497
1413,O48915,1,3,0.267,Q94KT8
1414,Q9C7F7,1,3,0.275,Q06031
1415,Q93Z04,1,3,0.315,A2QH21
1416,Q8TFG9,1,3,0.35200000000000004,Q4WLB9
1417,G1UBC2,1,3,0.321,Q5AUT0
1418,Q5A1B2,1,3,0.27699999999999997,Q9FHX5
1419,Q5AK97,1,3,0.28800000000000003,P39105
1420,A2VE33,1,3,0.292,D4ANV2
1421,P17260,1,3,0.303,Q5ACL7
1422,Q02786,1,3,0.25,Q9ZQI8
1423,Q39131,1,3,0.25,Q01819
1424,Q4WNV0,1,3,0.263,O97490
1425,P0DN32,1,3,0.276,D4ALI1
1426,Q5A210,1,3,0.327,P10863
1427,Q9D7Z7,1,3,0.244,Q8AXZ4
1428,Q5APJ9,1,3,0.37,C8ZGM3
1429,Q67UE8,1,3,0.3,Q8LG54
1430,Q69T51,1,3,0.276,D4ALQ5
1431,Q8N2G4,1,3,0.252,Q8VYI9
1432,O95274,1,3,0.325,O42721
1433,Q91YK8,1,3,0.263,Q93V72
1434,Q32LD3,1,3,0.24100000000000002,Q8N6Q3
1435,G1UB63,1,3,0.28,Q59Y31
1436,P32623,1,3,0.423,O74922
1437,Q5AK54,1,3,0.265,Q5AMJ5
1438,Q5AD34,1,3,0.237,Q12282
1439,Q5AHE8,1,3,0.271,A8TGA1
1440,Q5A1A9,1,3,0.23,Q6UQ28
1441,Q5AFC2,1,3,0.308,Q08906
1442,Q59SG9,1,3,0.294,Q4WLB9
1443,Q4Z4D2,1,3,0.27899999999999997,Q8I1Y4
1444,Q3UST5,0,4,0.23,Q69T51
1445,Q8BZQ2,0,4,0.24100000000000002,P07140
1446,Q6L6S1,0,4,0.225,O49432
1447,W1I921,0,4,0.21600000000000003,P86858
1448,Q3E880,0,4,0.23600000000000002,Q5Y808
1449,O08841,0,4,0.24100000000000002,Q08907
1450,Q8T0Y7,0,4,0.225,Q39688
1451,Q9NQ79,0,4,0.254,Q4WCX9
1452,O75629,0,4,0.21600000000000003,Q01589
1453,P06296,0,4,0.23399999999999999,C0HJV8
1454,Q9D6Y1,0,4,0.25,P29459
1455,P29965,0,4,0.257,P41047
1456,P0DN86,0,4,0.27399999999999997,Q6ZMJ4
1457,A5D8T8,0,4,0.233,Q59DY5
1458,Q9Y240,0,4,0.258,P19999
1459,Q9Y646,0,4,0.21600000000000003,A6H584
1460,Q01301,0,4,0.244,Q09553
1461,P14844,0,4,0.222,Q9BEE3
1462,P30203,0,4,0.243,D3Z9M3
1463,D3Z752,0,4,0.233,P20809
1464,Q8GW72,0,4,0.235,P79019
1465,D4B387,0,4,0.228,Q80WD0
1466,O48818,0,4,0.239,Q03655
1467,Q336T5,0,4,0.222,Q9UUZ2
1468,Q86AV4,0,4,0.228,Q11000
1469,Q9Y6N3,0,4,0.21899999999999997,P83495
1470,Q95218,0,4,0.263,D4AUF1
1471,Q6E0U4,0,4,0.23399999999999999,Q6ASY2
1472,Q13316,0,4,0.242,Q08193
1473,P13609,0,4,0.41100000000000003,P10124
1474,P22977,0,4,0.26899999999999996,Q13740
1475,Q9VAK8,0,4,0.222,Q93XX5
1476,P97586,0,4,0.228,P37840
1477,P11373,0,4,0.239,Q9VMM6
1478,Q5A1B3,1,4,0.33,D4B3I5
1479,Q5AD23,1,4,0.265,Q54GU3
1480,Q5ACL7,1,4,0.303,P17260
1481,P18764,1,4,0.564,P14043
1482,Q59V01,1,4,0.36700000000000005,Q59XL0
1483,Q5A1E1,1,4,0.27,Q4WNE1
1484,P52961,1,4,0.262,Q93070
1485,Q5AHA4,1,4,0.315,Q5A029
1486,Q8R2G4,1,4,0.262,O14514
1487,Q59L96,1,4,0.28600000000000003,C8ZGM3
1488,Q5A4X8,1,4,0.377,P53872
1489,Q5ACN3,1,4,0.254,Q8I948
1490,P08469,1,4,0.562,P14043
1491,Q5AJY5,1,4,0.29600000000000004,C7GQJ1
1492,Q59MD0,1,4,0.34299999999999997,Q5AMJ5
1493,Q5A5K7,1,4,0.37,Q4WFV6
1494,Q59V02,1,4,0.301,P12729
1495,Q59L86,1,4,0.275,Q5ABW2
1496,Q5AA09,1,4,0.341,Q5A5U6
1497,Q5AJK6,1,4,0.302,Q59UT4
1498,Q59VW6,1,4,0.256,D4AXU8
1499,Q5AF41,1,4,0.37799999999999995,Q59UP6
1500,Q96GW7-2,1,4,0.287,Q80WD1
1501,Q5ADQ7,1,4,0.325,Q9FZD0
1502,Q5AA33,1,4,0.29600000000000004,Q03674
1503,Q5AHC0,1,4,0.303,Q03674
1504,Q5A8I6,1,4,0.29100000000000004,Q9SQT9
1505,C6KSX0,1,4,0.24100000000000002,P46992
1506,D4ALQ5,1,4,0.349,Q8TG42
1507,Q14002,1,4,0.289,P06731
1508,P28319,1,4,0.51,P10863
1509,Q5JNJ5,1,4,0.28800000000000003,Q8TG42
1510,Q8LC95,1,4,0.306,Q8J0P4
1511,A2QH21,1,4,0.55,A1DJ47
1512,Q2UUZ1,1,4,0.39299999999999996,A1DJ47
1513,Q0C7P6,1,4,0.348,Q5A8I8
1514,A1C7B5,1,4,0.44299999999999995,Q4X084
1515,A2QBQ3,1,4,0.369,Q8TG42
1516,Q5BAP5,1,4,0.306,O42721
1517,Q9T076,1,4,0.312,Q9LY91
1518,Q59N10,1,4,0.327,P27654
1519,Q9SK27,1,4,0.257,Q9FM65
1520,Q59Y11,1,4,0.244,P13591-4
1521,Q5AG46,1,4,0.364,P27654
1522,Q59UT5,1,4,0.336,Q9P378
1523,Q5HZW7,1,4,0.5,Q8VEN2
1524,P43076,1,4,0.419,P22146
1525,O35136-2,1,4,0.256,P13591-4
1526,P38567,1,4,0.243,O13156
1527,Q5ACP5,1,4,0.258,D4B4V1
1528,Q5K4E3,0,4,0.259,O80517
1529,Q09131,0,4,0.218,O00182
1530,Q92954,0,4,0.22699999999999998,P61366
1531,Q8S8N6,0,4,0.24,Q875I9
1532,Q54EQ7,1,4,0.25,P47179
1533,O88531,0,4,0.218,Q90773
1534,P87020,0,4,0.235,Q4WI46
1535,Q62009,0,4,0.217,D4AYQ6
1536,Q9SUC9,1,4,0.259,Q9Y7S9
1537,P25380,1,4,0.268,P38832
1538,D4B5D4,1,4,0.312,Q5AUT0
1539,O14798,1,4,0.327,D4B2Q8
1540,A2BDG5,1,4,0.33299999999999996,Q8BWU1
1541,A2BDG0,1,4,0.28,Q8BWU1
1542,Q03029,1,4,0.255,Q11000
1543,Q1JPW9,1,4,0.281,Q8BWU1
1544,A2BDG9,1,4,0.27,Q8BWU1
1545,P40092,1,4,0.389,Q5AF39
1546,Q4DA80,0,4,0.23199999999999998,D4ANB6
1547,Q2L4Q9,0,4,0.278,Q6UWY2
1548,P33432,0,4,0.22699999999999998,C0P381
1549,P04280,0,4,0.325,Q96P44
1550,P10165,0,4,0.32799999999999996,Q9WU78
1551,O70169,0,4,0.263,Q8GUI4
1552,P04768,0,4,0.235,Q966V2
1553,Q54T57,1,4,0.27,D4B3I5
1554,Q6UQ28,1,4,0.257,Q8VEN2
1555,B3A0Q1,0,4,0.248,Q9WU78
1556,B3A0S4,0,4,0.239,Q6Z232
1557,Q95JC9,0,4,0.324,Q9WU78
1558,P21246,0,4,0.22,Q54PA4
1559,Q96NZ9,0,4,0.23399999999999999,P18169
1560,Q15046,0,4,0.252,B6KJ32
1561,Q9Z0V5,0,4,0.24100000000000002,Q9Y0X6
1562,M5A8F1,0,4,0.252,Q9FLN0
1563,Q8I1Y4,1,4,0.27899999999999997,Q4Z4D2
1564,Q9LNF2,0,4,0.25,Q8X168
1565,Q6CRM2,1,4,0.414,P38844
1566,P54826,1,4,0.311,Q8N158
1567,P49291,1,4,0.239,O13547
1568,Q59XA7,1,4,0.373,Q59XL0
1569,Q5A849,1,4,0.261,Q5AJC0
1570,Q9SSG3,1,4,0.289,Q54LM2
1571,Q9D7F2,1,4,0.25,P54097
1572,Q496H8,1,4,0.278,Q12127
1573,Q06135,1,4,0.24600000000000002,Q54GU3
1574,Q9JHI0,1,4,0.263,P54660
1575,Q5AAL9,1,4,0.284,O13692
1576,Q5A1E0,1,4,0.41700000000000004,Q5A029
1577,Q54N81,1,4,0.41,O74922
1578,Q08271,1,4,0.22899999999999998,Q9FJR5
1579,O97490,1,4,0.264,Q90ZM9
1580,Q6FT26,1,4,0.505,P38844
1581,Q9QXN2,0,4,0.22899999999999998,P55000
1582,B3FIV1,0,4,0.314,P83558
1583,P81603,0,4,0.258,B3FIN4
1584,P13500,0,4,0.23,Q8T113
1585,A0A1R3S3A8,0,4,0.244,R4ZCU1
1586,D2Y2C8,0,4,0.24600000000000002,P80957
1587,P02778,0,4,0.282,P02776
1588,P19425,0,4,0.262,Q9FS16
1589,Q6BIS8,1,4,0.419,C8ZGM3
1590,Q6T6C2,0,4,0.217,O55225
1591,D3ZVP0,0,4,0.20199999999999999,D4AS41
1592,P0DP57,0,4,0.29,P55000
1593,Q1ELV0,0,4,0.281,C0HJV8
1594,P09031,0,4,0.408,B1P0S1
1595,Q84J95,0,4,0.252,Q9SV72
1596,P83056,0,4,0.22899999999999998,P19999
1597,P78556,0,4,0.21899999999999997,H2A0N6
1598,Q63064,1,4,0.273,Q07488
1599,Q9PW66,0,4,0.239,H2A0N6
1600,Q9XF04,0,4,0.248,Q9BN21
1601,P0DM18,0,4,0.252,P83228
1602,P84809,0,4,0.226,P07140
1603,Q39066,0,4,0.245,P46686
1604,A0A0A0VBX4,0,4,0.226,Q8VE43
1605,Q9Y258,0,4,0.239,Q4WFV6
1606,Q4VP09,0,4,0.21600000000000003,Q3LHH8
1607,Q01523,0,4,0.24100000000000002,Q5A651
1608,P0C7M3,0,4,0.235,Q9FJR5
1609,K7N5K9,0,4,0.22699999999999998,Q9SV72
1610,P49126,0,4,0.24600000000000002,P86726
1611,Q07654,0,4,0.24600000000000002,Q8BMS2
1612,B8AN27,1,4,0.22699999999999998,F1NSM7
1613,Q96PL1,0,4,0.41,Q96QR1
1614,P0DM17,0,4,0.22399999999999998,P39905
1615,P00992,0,4,0.257,Q7YRQ8
1616,P0C1W3,0,4,0.222,P90884
1617,D0EXD3,0,4,0.27399999999999997,Q86BF9
1618,P43497,1,4,0.41200000000000003,Q12218
1619,P83563,0,4,0.23600000000000002,O77726
1620,P80511,0,4,0.23800000000000002,P31151
1621,M9P2C1,0,4,0.207,Q684R7
1622,Q8L8Y3,0,4,0.23,E9Q7T7
1623,P69939,0,4,0.217,P13284
1624,P86822,0,4,0.237,P39905
1625,P84810,0,4,0.23600000000000002,Q59DY6
1626,P0DL58,0,4,0.231,Q8BT20
1627,P0DM16,0,4,0.217,Q1L6U9
1628,L7N6F8,0,4,0.21100000000000002,Q14116
1629,P81792,0,4,0.248,Q6B4T5
1630,Q5MJP5,0,4,0.21899999999999997,Q9UJJ9
1631,P86961,0,4,0.28600000000000003,H2A0K9
1632,Q8CEK3,0,4,0.22899999999999998,Q8N6G6
1633,Q30HU9,0,4,0.25,Q14508
1634,Q9XW71,0,4,0.243,P83228
1635,P83303,0,4,0.23600000000000002,Q6B4T5
1636,P10997,0,4,0.23,O59893
1637,Q9GU58,0,4,0.228,P42854
1638,C6JUP2,0,4,0.256,F8J2D7
1639,Q1ELT9,0,4,0.273,Q5FYB1
1640,P49125,0,4,0.217,Q8C165
1641,Q8I817,0,4,0.21100000000000002,Q6UX27
1642,O61668,0,4,0.22,Q9C7S6
1643,B1P1A7,0,4,0.221,P0DN29
1644,P85079,0,4,0.22399999999999998,Q9GL25
1645,A6YR21,0,4,0.231,P86969
1646,Q4WZ11,0,4,0.23399999999999999,Q96QR1
1647,P07457,0,4,0.243,Q9D3J8
1648,P60213,0,4,0.21899999999999997,P13284
1649,B3EWF3,0,4,0.24100000000000002,P83288
1650,B1NWR7,0,4,0.214,C9K4X8
1651,P42634,0,4,0.21600000000000003,Q5A312
1652,P84685,0,4,0.23,Q90282
1653,P0C8S5,0,4,0.231,P83228
1654,Q8T0W5,0,4,0.24,P55000
1655,P83580,0,4,0.225,Q9GL25
1656,P81791,0,4,0.243,B3FIN4
1657,C6JUP1,0,4,0.254,F8J2D7
1658,O61705,0,4,0.23600000000000002,H2A0M8
1659,Q5D231,0,4,0.217,Q14508
1660,O76200,0,4,0.223,B3EWF6
1661,Q9EQ21,0,4,0.24100000000000002,Q2UY11
1662,Q2PAY4,0,4,0.228,P02776
1663,P60272,0,4,0.252,O00253
1664,O80460,0,4,0.27,B3H5A9
1665,Q1ELU3,0,4,0.316,C0HJV8
1666,P59368,0,4,0.23199999999999998,Q6B4T5
1667,P0DPM4,0,4,0.228,P07140
1668,P83313,0,4,0.214,Q9C9Z9
1669,X5IWS1,0,4,0.23600000000000002,O00253
1670,C6JUP3,0,4,0.307,F8J2D7
1671,P01404,0,4,0.282,F8J2D7
1672,B6HY15,0,4,0.24100000000000002,Q8T115
1673,Q6UWK7,0,4,0.222,P83636
1674,P09036,0,4,0.276,Q8BT20
1675,P86037,0,4,0.248,Q10471
1676,W4VSB6,0,4,0.225,Q9SV72
1677,Q8S8N0,0,4,0.22,Q6UX27
1678,Q75WH4,0,4,0.22399999999999998,Q10916
1679,P25063,1,4,0.24,Q11000
1680,Q6K209,0,4,0.23600000000000002,P21978
1681,Q9LXU0,0,4,0.209,C0K3N1
1682,P86146,0,4,0.22899999999999998,Q6EMK4
1683,Q2V2Q2,1,4,0.266,C8ZGM3
1684,A0A0G3F8Z3,0,4,0.243,P10960
1685,P83561,0,4,0.243,Q91VU0
1686,H2A0N7,0,4,0.254,H2A0N6
1687,Q8ISL8,0,4,0.23800000000000002,Q5A343
1688,A7WNV5,0,4,0.245,Q8BT20
1689,E6ZBE2,0,4,0.22899999999999998,P83084
1690,Q8MMH4,0,4,0.235,Q9URZ0
1691,F8J4S0,0,4,0.226,D4B1Z7
1692,P0DPG6,0,4,0.248,Q9SV72
1693,Q8LW54,0,4,0.24600000000000002,Q6PCX7
1694,P0DL38,0,4,0.237,P81790
1695,Q75WH3,0,4,0.223,Q8L7W8
1696,W4VSG7,0,4,0.223,Q9ZQI8
1697,Q8LAD7,0,4,0.2,Q9STX1
1698,Q9TUI9,0,4,0.23600000000000002,Q5F378
1699,P84843,0,4,0.24,F4JHH5
1700,Q9V3J3,0,4,0.23800000000000002,Q5WRU0
1701,P24160,0,4,0.218,O77726
1702,H2A0M9,0,4,0.214,D4APE0
1703,Q2UXR3,0,4,0.245,O77726
1704,Q6UWT2,0,4,0.233,Q61477
1705,A0A2L0ART2,0,4,0.22899999999999998,P40583
1706,D2Y171,0,4,0.214,Q868Z9
1707,P86407,0,4,0.23,D4B5D3
1708,Q9VBL6,0,4,0.264,Q12127
1709,C5J888,0,4,0.21,Q91VU0
1710,H2A0P3,0,4,0.214,P83636
1711,O49519,0,4,0.245,Q9BN21
1712,P0C607,0,4,0.235,C0HKM3
1713,P0DJ08,0,4,0.23600000000000002,A6H584
1714,O82275,0,4,0.218,D4B4V1
1715,B8QG00,0,4,0.205,P81790
1716,Q8W261,0,4,0.218,Q941C5
1717,A0A0A1I6N9,0,4,0.21600000000000003,Q3V2T4
1718,B4YSU8,0,4,0.24100000000000002,O00253
1719,Q9M373,1,4,0.226,Q6ASY2
1720,I6RU32,0,4,0.255,P0DL36
1721,C0HK26,0,4,0.23600000000000002,Q8BT20
1722,Q86LE4,0,4,0.24100000000000002,O76357
1723,P01523,0,4,0.23600000000000002,Q9SV72
1724,D0PX85,0,4,0.22899999999999998,D4B5D3
1725,P86929,0,4,0.207,C0HKM3
1726,P0DJ41,0,4,0.22,D4AUH6
1727,Q1PE40,0,4,0.23399999999999999,Q5AJC0
1728,P85213,0,4,0.21600000000000003,Q91V88
1729,A0AEI6,0,4,0.22699999999999998,Q8L7W8
1730,E7EKC4,0,4,0.22899999999999998,P02776
1731,H2A0N8,0,4,0.21,Q9GL25
1732,Q5EHP3,0,4,0.231,Q9SNC3
1733,Q8MTX2,0,4,0.243,D4B528
1734,Q5Y4U6,0,4,0.245,P01193
1735,P14661,0,4,0.21,A8W7I5
1736,P86110,0,4,0.209,Q22687
1737,Q9U3Z3,0,4,0.24,Q6B4T5
1738,L7VIN3,0,4,0.214,P37840
1739,A0A0N7CSQ4,0,4,0.2,B3EWF6
1740,F5C3U4,0,4,0.20600000000000002,O76840
1741,Q5PP12,1,4,0.228,D4AZK1
1742,Q8MVA6,0,4,0.23399999999999999,O00744
1743,B3SVF0,0,4,0.20600000000000002,D4AS41
1744,A8DY01,0,4,0.218,P02652
1745,O46166,0,4,0.2,Q9TUQ3
1746,P60022,0,4,0.23399999999999999,Q9D7Q1
1747,A9UGV5,1,4,0.29,Q5AFA2
1748,P81941,0,4,0.20600000000000002,P48538
1749,P55963,0,4,0.215,Q8R066
1750,P0C175,0,4,0.21600000000000003,P28799
1751,A0A0E3SVE7,0,4,0.218,Q8BT20
1752,Q8T9R8,0,4,0.21,G4MMH2
1753,Q28896,1,4,0.21899999999999997,P34115
1754,P86483,0,4,0.204,D4APQ6
1755,P0DL40,0,4,0.183,O77469
1756,Q9BPG6,0,4,0.21,G5EGH7
1757,P0C8X9,0,4,0.20800000000000002,Q6B4T5
1758,P82140,0,4,0.20600000000000002,P10599
1759,Q99LQ4,0,4,0.21,Q8C6K9
1760,Q86SC0,0,4,0.214,Q9JJN5
1761,Q3E6R4,1,4,0.297,Q4WCX9
1762,P84567,0,4,0.23,D4B0V1
1763,Q8WQK0,0,4,0.218,P86728
1764,Q9PWF3,0,4,0.23,D4APX3
1765,Q8T0W8,0,4,0.20199999999999999,P07355
1766,P56973,0,4,0.22399999999999998,O76840
1767,A0A2I6EDL2,0,4,0.2,Q9SNC3
1768,P0DMF3,0,4,0.217,Q3T052
1769,Q99134,0,4,0.198,Q9P2K2
1770,P86399,0,4,0.2,Q6T6T2
1771,A0A1P8NVT3,0,4,0.21,Q9SU13
1772,C0HKZ8,0,4,0.21,O35701
1773,Q8T0W3,0,4,0.235,O00253
1774,Q8BTE6,0,4,0.245,Q072L5
1775,A9UGV7,1,4,0.23800000000000002,Q5A6M0
1776,C5J8E3,0,4,0.22399999999999998,Q8WRC7
1777,Q8LD43,1,4,0.252,Q6ASY2
1778,P0C1X6,0,4,0.20600000000000002,Q12904
1779,P81761,0,4,0.22,Q072L5
1780,B1P1B7,0,4,0.19,Q5PPM0
1781,Q86QT3,0,4,0.193,B3A0R7
1782,P84899,0,4,0.195,Q8K3I6
1783,D4HRK4,0,4,0.192,Q05816
1784,C0HJQ4,0,4,0.223,Q6T6T2
1785,Q8MMH5,0,4,0.23,Q96QR1
1786,A9UGV6,1,4,0.26,B1P0S1
1787,P31358,1,4,0.262,Q93XX5
1788,Q9LYF6,1,4,0.23,Q4WFV6
1789,Q8S2W4,1,4,0.228,A4ZDL6
1790,C0HL38,0,4,0.25,Q86Y38
1791,Q9LJD9,1,4,0.228,Q12127
1792,P0DOZ7,0,4,0.2,P61366
1793,P0DMC2,0,4,0.19399999999999998,Q6B4T5
1794,C0HJQ5,0,4,0.198,B3EWF6
1795,H2A0N0,0,4,0.19,D4B0N9
1796,Q6GU94,0,4,0.179,P83558
1797,P69391,0,4,0.21600000000000003,Q96QR1
1798,A6MWS7,0,4,0.18100000000000002,Q02936
1799,P05623,0,4,0.18100000000000002,K9M1U5
1800,P81160,0,4,0.20199999999999999,Q9BZM1
1801,P16548,0,4,0.198,Q9M2K6
1802,P15516,0,4,0.183,Q5T601
1803,A0A1W6EVN2,0,4,0.185,Q9QZR9
